name,sigma,placement,offset_pu,seed,sets,tested_sets,alarm_sets,removed_49_first,removed_other_first,alarm_after_removal,alarms_outside_window,sets_outside_window,J_mean,threshold,violation_s
d-s1-min-none-1,0.001,minimum,0.0,1,298,298,3,0,3,0,0,0,100.71,138.134,0.0
d-s1-min-none-2,0.001,minimum,0.0,2,298,298,1,1,0,0,0,0,102.17,138.134,0.0
d-s1-min-none-3,0.001,minimum,0.0,3,298,298,4,0,4,0,0,0,101.04,138.134,0.0
d-s1-min-none-4,0.001,minimum,0.0,4,298,298,1,0,1,0,0,0,100.28,138.134,0.0
d-s1-min-none-5,0.001,minimum,0.0,5,298,298,3,1,2,0,0,0,103.07,138.134,0.0
d-s1-min-o002-1,0.001,minimum,0.002,1,210,210,3,1,2,0,1,88,104.46,138.134,0.0
d-s1-min-o002-2,0.001,minimum,0.002,2,210,210,2,1,1,0,1,88,105.62,138.134,0.0
d-s1-min-o002-3,0.001,minimum,0.002,3,210,210,4,0,4,0,1,88,103.26,138.134,0.0
d-s1-min-o002-4,0.001,minimum,0.002,4,210,210,3,3,0,0,0,88,104.44,138.134,0.0
d-s1-min-o002-5,0.001,minimum,0.002,5,210,210,4,1,3,0,2,88,106.66,138.134,0.0
d-s1-min-o005-1,0.001,minimum,0.005,1,210,210,39,39,0,0,1,88,124.34,138.134,0.0
d-s1-min-o005-2,0.001,minimum,0.005,2,210,210,46,46,0,0,1,88,124.47,138.134,0.0
d-s1-min-o005-3,0.001,minimum,0.005,3,210,210,36,36,0,0,1,88,121.83,138.134,0.0
d-s1-min-o005-4,0.001,minimum,0.005,4,210,210,42,42,0,0,0,88,124.13,138.134,0.0
d-s1-min-o005-5,0.001,minimum,0.005,5,210,210,48,47,1,0,2,88,125.65,138.134,0.0
d-s1-min-o010-1,0.001,minimum,0.01,1,210,210,208,208,0,0,2,88,194.91,138.134,0.0
d-s1-min-o010-2,0.001,minimum,0.01,2,210,210,205,205,0,0,2,88,193.28,138.134,0.0
d-s1-min-o010-3,0.001,minimum,0.01,3,210,210,209,209,0,0,2,88,190.17,138.134,0.0
d-s1-min-o010-4,0.001,minimum,0.01,4,210,210,207,207,0,0,1,88,194.38,138.134,0.0
d-s1-min-o010-5,0.001,minimum,0.01,5,210,210,207,207,0,0,3,88,194.7,138.134,0.0
d-s1-min-o020-1,0.001,minimum,0.02,1,210,210,209,209,0,0,2,88,481.25,138.134,0.0
d-s1-min-o020-2,0.001,minimum,0.02,2,210,210,209,209,0,0,2,88,475.96,138.134,0.0
d-s1-min-o020-3,0.001,minimum,0.02,3,210,210,209,209,0,0,2,88,471.84,138.134,0.0
d-s1-min-o020-4,0.001,minimum,0.02,4,210,210,209,209,0,0,1,88,480.02,138.134,0.0
d-s1-min-o020-5,0.001,minimum,0.02,5,210,210,209,209,0,0,3,88,477.88,138.134,0.0
d-s1-min-o050-1,0.001,minimum,0.05,1,210,210,209,209,0,0,2,88,2604.74,138.134,0.0
d-s1-min-o050-2,0.001,minimum,0.05,2,210,210,209,209,0,0,2,88,2587.14,138.134,0.0
d-s1-min-o050-3,0.001,minimum,0.05,3,210,210,209,209,0,0,2,88,2579.6,138.134,0.0
d-s1-min-o050-4,0.001,minimum,0.05,4,210,210,209,209,0,0,1,88,2601.1,138.134,0.0
d-s1-min-o050-5,0.001,minimum,0.05,5,210,210,209,209,0,0,3,88,2590.77,138.134,0.0
d-s1-red-none-1,0.001,redundant,0.0,1,298,298,1,0,1,0,0,0,389.54,462.229,0.0
d-s1-red-none-2,0.001,redundant,0.0,2,298,298,3,0,3,0,0,0,391.24,462.229,0.0
d-s1-red-none-3,0.001,redundant,0.0,3,298,298,4,0,4,0,0,0,390.61,462.229,0.0
d-s1-red-none-4,0.001,redundant,0.0,4,298,298,0,0,0,0,0,0,389.73,462.229,0.0
d-s1-red-none-5,0.001,redundant,0.0,5,298,298,2,0,2,0,0,0,395.14,462.229,0.0
d-s1-red-o002-1,0.001,redundant,0.002,1,210,210,2,0,2,0,0,88,393.96,462.229,0.0
d-s1-red-o002-2,0.001,redundant,0.002,2,210,210,2,0,2,0,1,88,395.42,462.229,0.0
d-s1-red-o002-3,0.001,redundant,0.002,3,210,210,3,0,3,0,1,88,394.86,462.229,0.0
d-s1-red-o002-4,0.001,redundant,0.002,4,210,210,1,0,1,0,0,88,393.91,462.229,0.0
d-s1-red-o002-5,0.001,redundant,0.002,5,210,210,3,0,3,0,1,88,399.31,462.229,0.0
d-s1-red-o005-1,0.001,redundant,0.005,1,210,210,13,13,0,0,0,88,413.56,462.229,0.0
d-s1-red-o005-2,0.001,redundant,0.005,2,210,210,13,13,0,0,1,88,415.3,462.229,0.0
d-s1-red-o005-3,0.001,redundant,0.005,3,210,210,7,5,2,0,1,88,413.96,462.229,0.0
d-s1-red-o005-4,0.001,redundant,0.005,4,210,210,11,9,2,0,0,88,413.27,462.229,0.0
d-s1-red-o005-5,0.001,redundant,0.005,5,210,210,16,16,0,0,1,88,418.53,462.229,0.0
d-s1-red-o010-1,0.001,redundant,0.01,1,210,210,153,153,0,0,1,88,484.8,462.229,0.0
d-s1-red-o010-2,0.001,redundant,0.01,2,210,210,159,159,0,0,2,88,487.02,462.229,0.0
d-s1-red-o010-3,0.001,redundant,0.01,3,210,210,160,160,0,0,2,88,484.34,462.229,0.0
d-s1-red-o010-4,0.001,redundant,0.01,4,210,210,160,160,0,0,0,88,484.11,462.229,0.0
d-s1-red-o010-5,0.001,redundant,0.01,5,210,210,154,154,0,0,2,88,489.14,462.229,0.0
d-s1-red-o020-1,0.001,redundant,0.02,1,210,210,209,209,0,0,1,88,777.02,462.229,0.0
d-s1-red-o020-2,0.001,redundant,0.02,2,210,210,209,209,0,0,2,88,780.22,462.229,0.0
d-s1-red-o020-3,0.001,redundant,0.02,3,210,210,209,209,0,0,2,88,774.78,462.229,0.0
d-s1-red-o020-4,0.001,redundant,0.02,4,210,210,209,209,0,0,1,88,775.49,462.229,0.0
d-s1-red-o020-5,0.001,redundant,0.02,5,210,210,209,209,0,0,2,88,780.02,462.229,0.0
d-s1-red-o050-1,0.001,redundant,0.05,1,210,210,209,209,0,0,1,88,2961.25,462.229,0.0
d-s1-red-o050-2,0.001,redundant,0.05,2,210,210,209,209,0,0,2,88,2967.79,462.229,0.0
d-s1-red-o050-3,0.001,redundant,0.05,3,210,210,209,209,0,0,2,88,2953.05,462.229,0.0
d-s1-red-o050-4,0.001,redundant,0.05,4,210,210,209,209,0,0,1,88,2956.88,462.229,0.0
d-s1-red-o050-5,0.001,redundant,0.05,5,210,210,209,209,0,0,2,88,2959.77,462.229,0.0
d-s2-min-none-1,0.002,minimum,0.0,1,298,298,0,0,0,0,0,0,25.32,138.134,0.0
d-s2-min-none-2,0.002,minimum,0.0,2,298,298,0,0,0,0,0,0,25.7,138.134,0.0
d-s2-min-none-3,0.002,minimum,0.0,3,298,298,0,0,0,0,0,0,25.4,138.134,0.0
d-s2-min-none-4,0.002,minimum,0.0,4,298,298,0,0,0,0,0,0,25.22,138.134,0.0
d-s2-min-none-5,0.002,minimum,0.0,5,298,298,0,0,0,0,0,0,25.93,138.134,0.0
d-s2-min-o002-1,0.002,minimum,0.002,1,210,210,0,0,0,0,0,88,26.26,138.134,0.0
d-s2-min-o002-2,0.002,minimum,0.002,2,210,210,0,0,0,0,0,88,26.56,138.134,0.0
d-s2-min-o002-3,0.002,minimum,0.002,3,210,210,0,0,0,0,0,88,25.96,138.134,0.0
d-s2-min-o002-4,0.002,minimum,0.002,4,210,210,0,0,0,0,0,88,26.26,138.134,0.0
d-s2-min-o002-5,0.002,minimum,0.002,5,210,210,0,0,0,0,0,88,26.82,138.134,0.0
d-s2-min-o005-1,0.002,minimum,0.005,1,210,210,0,0,0,0,0,88,31.23,138.134,0.0
d-s2-min-o005-2,0.002,minimum,0.005,2,210,210,0,0,0,0,0,88,31.27,138.134,0.0
d-s2-min-o005-3,0.002,minimum,0.005,3,210,210,0,0,0,0,0,88,30.6,138.134,0.0
d-s2-min-o005-4,0.002,minimum,0.005,4,210,210,0,0,0,0,0,88,31.19,138.134,0.0
d-s2-min-o005-5,0.002,minimum,0.005,5,210,210,0,0,0,0,0,88,31.57,138.134,0.0
d-s2-min-o010-1,0.002,minimum,0.01,1,210,210,0,0,0,0,0,88,48.87,138.134,0.0
d-s2-min-o010-2,0.002,minimum,0.01,2,210,210,0,0,0,0,0,88,48.48,138.134,0.0
d-s2-min-o010-3,0.002,minimum,0.01,3,210,210,0,0,0,0,0,88,47.68,138.134,0.0
d-s2-min-o010-4,0.002,minimum,0.01,4,210,210,0,0,0,0,0,88,48.75,138.134,0.0
d-s2-min-o010-5,0.002,minimum,0.01,5,210,210,0,0,0,0,0,88,48.84,138.134,0.0
d-s2-min-o020-1,0.002,minimum,0.02,1,210,210,9,9,0,0,0,88,120.46,138.134,0.0
d-s2-min-o020-2,0.002,minimum,0.02,2,210,210,6,6,0,0,0,88,119.14,138.134,0.0
d-s2-min-o020-3,0.002,minimum,0.02,3,210,210,6,6,0,0,0,88,118.1,138.134,0.0
d-s2-min-o020-4,0.002,minimum,0.02,4,210,210,15,15,0,0,0,88,120.16,138.134,0.0
d-s2-min-o020-5,0.002,minimum,0.02,5,210,210,6,6,0,0,0,88,119.63,138.134,0.0
d-s2-min-o050-1,0.002,minimum,0.05,1,210,210,209,209,0,0,1,88,651.33,138.134,0.0
d-s2-min-o050-2,0.002,minimum,0.05,2,210,210,209,209,0,0,1,88,646.95,138.134,0.0
d-s2-min-o050-3,0.002,minimum,0.05,3,210,210,209,209,0,0,1,88,645.05,138.134,0.0
d-s2-min-o050-4,0.002,minimum,0.05,4,210,210,209,209,0,0,1,88,650.44,138.134,0.0
d-s2-min-o050-5,0.002,minimum,0.05,5,210,210,209,209,0,0,1,88,647.86,138.134,0.0
d-s2-red-none-1,0.002,redundant,0.0,1,298,298,0,0,0,0,0,0,97.93,462.229,0.0
d-s2-red-none-2,0.002,redundant,0.0,2,298,298,0,0,0,0,0,0,98.37,462.229,0.0
d-s2-red-none-3,0.002,redundant,0.0,3,298,298,0,0,0,0,0,0,98.19,462.229,0.0
d-s2-red-none-4,0.002,redundant,0.0,4,298,298,0,0,0,0,0,0,98.01,462.229,0.0
d-s2-red-none-5,0.002,redundant,0.0,5,298,298,0,0,0,0,0,0,99.35,462.229,0.0
d-s2-red-o002-1,0.002,redundant,0.002,1,210,210,0,0,0,0,0,88,98.99,462.229,0.0
d-s2-red-o002-2,0.002,redundant,0.002,2,210,210,0,0,0,0,0,88,99.37,462.229,0.0
d-s2-red-o002-3,0.002,redundant,0.002,3,210,210,0,0,0,0,0,88,99.19,462.229,0.0
d-s2-red-o002-4,0.002,redundant,0.002,4,210,210,0,0,0,0,0,88,99.0,462.229,0.0
d-s2-red-o002-5,0.002,redundant,0.002,5,210,210,0,0,0,0,0,88,100.32,462.229,0.0
d-s2-red-o005-1,0.002,redundant,0.005,1,210,210,0,0,0,0,0,88,103.89,462.229,0.0
d-s2-red-o005-2,0.002,redundant,0.005,2,210,210,0,0,0,0,0,88,104.34,462.229,0.0
d-s2-red-o005-3,0.002,redundant,0.005,3,210,210,0,0,0,0,0,88,103.97,462.229,0.0
d-s2-red-o005-4,0.002,redundant,0.005,4,210,210,0,0,0,0,0,88,103.84,462.229,0.0
d-s2-red-o005-5,0.002,redundant,0.005,5,210,210,0,0,0,0,0,88,105.13,462.229,0.0
d-s2-red-o010-1,0.002,redundant,0.01,1,210,210,0,0,0,0,0,88,121.7,462.229,0.0
d-s2-red-o010-2,0.002,redundant,0.01,2,210,210,0,0,0,0,0,88,122.27,462.229,0.0
d-s2-red-o010-3,0.002,redundant,0.01,3,210,210,0,0,0,0,0,88,121.57,462.229,0.0
d-s2-red-o010-4,0.002,redundant,0.01,4,210,210,0,0,0,0,0,88,121.55,462.229,0.0
d-s2-red-o010-5,0.002,redundant,0.01,5,210,210,0,0,0,0,0,88,122.78,462.229,0.0
d-s2-red-o020-1,0.002,redundant,0.02,1,210,210,0,0,0,0,0,88,194.76,462.229,0.0
d-s2-red-o020-2,0.002,redundant,0.02,2,210,210,0,0,0,0,0,88,195.58,462.229,0.0
d-s2-red-o020-3,0.002,redundant,0.02,3,210,210,0,0,0,0,0,88,194.18,462.229,0.0
d-s2-red-o020-4,0.002,redundant,0.02,4,210,210,0,0,0,0,0,88,194.4,462.229,0.0
d-s2-red-o020-5,0.002,redundant,0.02,5,210,210,0,0,0,0,0,88,195.5,462.229,0.0
d-s2-red-o050-1,0.002,redundant,0.05,1,210,210,209,209,0,0,1,88,740.83,462.229,0.0
d-s2-red-o050-2,0.002,redundant,0.05,2,210,210,209,209,0,0,1,88,742.48,462.229,0.0
d-s2-red-o050-3,0.002,redundant,0.05,3,210,210,209,209,0,0,1,88,738.76,462.229,0.0
d-s2-red-o050-4,0.002,redundant,0.05,4,210,210,209,209,0,0,1,88,739.76,462.229,0.0
d-s2-red-o050-5,0.002,redundant,0.05,5,210,210,209,209,0,0,1,88,740.45,462.229,0.0
