name,kind,bus,scenario,seed,violation_s
l-avr10-ctl-s2,avr,10,ctl,2,0.5
l-avr10-ctl-s3,avr,10,ctl,3,0.5
l-avr10-ctl-s4,avr,10,ctl,4,0.5
l-avr10-ctl-s5,avr,10,ctl,5,0.5
l-avr10-delay-min-s2,avr,10,delay-min,2,5.5
l-avr10-delay-min-s3,avr,10,delay-min,3,5.5
l-avr10-delay-min-s4,avr,10,delay-min,4,5.5
l-avr10-delay-min-s5,avr,10,delay-min,5,5.5
l-avr10-delay-red-s2,avr,10,delay-red,2,5.5
l-avr10-delay-red-s3,avr,10,delay-red,3,5.5
l-avr10-delay-red-s4,avr,10,delay-red,4,5.5
l-avr10-delay-red-s5,avr,10,delay-red,5,5.5
l-avr10-simple-min-s2,avr,10,simple-min,2,5.5
l-avr10-simple-min-s3,avr,10,simple-min,3,5.5
l-avr10-simple-min-s4,avr,10,simple-min,4,5.5
l-avr10-simple-min-s5,avr,10,simple-min,5,5.5
l-avr10-simple-red-s2,avr,10,simple-red,2,0.5
l-avr10-simple-red-s3,avr,10,simple-red,3,0.5
l-avr10-simple-red-s4,avr,10,simple-red,4,0.5
l-avr10-simple-red-s5,avr,10,simple-red,5,0.5
l-avr10-stealthy-min-s2,avr,10,stealthy-min,2,5.5
l-avr10-stealthy-min-s3,avr,10,stealthy-min,3,5.5
l-avr10-stealthy-min-s4,avr,10,stealthy-min,4,5.5
l-avr10-stealthy-min-s5,avr,10,stealthy-min,5,5.5
l-avr10-stealthy-red-s2,avr,10,stealthy-red,2,5.5
l-avr10-stealthy-red-s3,avr,10,stealthy-red,3,5.5
l-avr10-stealthy-red-s4,avr,10,stealthy-red,4,5.5
l-avr10-stealthy-red-s5,avr,10,stealthy-red,5,5.5
l-avr12-ctl-s2,avr,12,ctl,2,0.5
l-avr12-ctl-s3,avr,12,ctl,3,0.5
l-avr12-ctl-s4,avr,12,ctl,4,0.5
l-avr12-ctl-s5,avr,12,ctl,5,0.5
l-avr12-delay-min-s2,avr,12,delay-min,2,5.5
l-avr12-delay-min-s3,avr,12,delay-min,3,5.5
l-avr12-delay-min-s4,avr,12,delay-min,4,5.5
l-avr12-delay-min-s5,avr,12,delay-min,5,5.5
l-avr12-delay-red-s2,avr,12,delay-red,2,5.5
l-avr12-delay-red-s3,avr,12,delay-red,3,5.5
l-avr12-delay-red-s4,avr,12,delay-red,4,5.5
l-avr12-delay-red-s5,avr,12,delay-red,5,5.5
l-avr12-simple-min-s2,avr,12,simple-min,2,0.5
l-avr12-simple-min-s3,avr,12,simple-min,3,0.5
l-avr12-simple-min-s4,avr,12,simple-min,4,0.5
l-avr12-simple-min-s5,avr,12,simple-min,5,0.5
l-avr12-simple-red-s2,avr,12,simple-red,2,0.5
l-avr12-simple-red-s3,avr,12,simple-red,3,0.5
l-avr12-simple-red-s4,avr,12,simple-red,4,0.5
l-avr12-simple-red-s5,avr,12,simple-red,5,0.5
l-avr12-stealthy-min-s2,avr,12,stealthy-min,2,0.5
l-avr12-stealthy-min-s3,avr,12,stealthy-min,3,0.5
l-avr12-stealthy-min-s4,avr,12,stealthy-min,4,0.5
l-avr12-stealthy-min-s5,avr,12,stealthy-min,5,0.5
l-avr12-stealthy-red-s2,avr,12,stealthy-red,2,0.5
l-avr12-stealthy-red-s3,avr,12,stealthy-red,3,0.5
l-avr12-stealthy-red-s4,avr,12,stealthy-red,4,0.5
l-avr12-stealthy-red-s5,avr,12,stealthy-red,5,0.5
l-avr25-ctl-s2,avr,25,ctl,2,0.5
l-avr25-ctl-s3,avr,25,ctl,3,0.5
l-avr25-ctl-s4,avr,25,ctl,4,0.5
l-avr25-ctl-s5,avr,25,ctl,5,0.5
l-avr25-delay-min-s2,avr,25,delay-min,2,5.5
l-avr25-delay-min-s3,avr,25,delay-min,3,5.5
l-avr25-delay-min-s4,avr,25,delay-min,4,5.5
l-avr25-delay-min-s5,avr,25,delay-min,5,5.5
l-avr25-delay-red-s2,avr,25,delay-red,2,5.5
l-avr25-delay-red-s3,avr,25,delay-red,3,5.5
l-avr25-delay-red-s4,avr,25,delay-red,4,5.5
l-avr25-delay-red-s5,avr,25,delay-red,5,5.5
l-avr25-simple-min-s2,avr,25,simple-min,2,5.5
l-avr25-simple-min-s3,avr,25,simple-min,3,5.5
l-avr25-simple-min-s4,avr,25,simple-min,4,5.5
l-avr25-simple-min-s5,avr,25,simple-min,5,5.5
l-avr25-simple-red-s2,avr,25,simple-red,2,0.5
l-avr25-simple-red-s3,avr,25,simple-red,3,0.5
l-avr25-simple-red-s4,avr,25,simple-red,4,0.5
l-avr25-simple-red-s5,avr,25,simple-red,5,0.5
l-avr25-stealthy-min-s2,avr,25,stealthy-min,2,5.5
l-avr25-stealthy-min-s3,avr,25,stealthy-min,3,5.5
l-avr25-stealthy-min-s4,avr,25,stealthy-min,4,5.5
l-avr25-stealthy-min-s5,avr,25,stealthy-min,5,5.5
l-avr25-stealthy-red-s2,avr,25,stealthy-red,2,5.5
l-avr25-stealthy-red-s3,avr,25,stealthy-red,3,5.5
l-avr25-stealthy-red-s4,avr,25,stealthy-red,4,5.5
l-avr25-stealthy-red-s5,avr,25,stealthy-red,5,5.5
l-avr54-ctl-s2,avr,54,ctl,2,0.5
l-avr54-ctl-s3,avr,54,ctl,3,0.5
l-avr54-ctl-s4,avr,54,ctl,4,0.5
l-avr54-ctl-s5,avr,54,ctl,5,0.5
l-avr54-delay-min-s2,avr,54,delay-min,2,5.5
l-avr54-delay-min-s3,avr,54,delay-min,3,5.5
l-avr54-delay-min-s4,avr,54,delay-min,4,5.5
l-avr54-delay-min-s5,avr,54,delay-min,5,5.5
l-avr54-delay-red-s2,avr,54,delay-red,2,5.5
l-avr54-delay-red-s3,avr,54,delay-red,3,5.5
l-avr54-delay-red-s4,avr,54,delay-red,4,5.5
l-avr54-delay-red-s5,avr,54,delay-red,5,5.5
l-avr54-simple-min-s2,avr,54,simple-min,2,0.5
l-avr54-simple-min-s3,avr,54,simple-min,3,0.5
l-avr54-simple-min-s4,avr,54,simple-min,4,0.5
l-avr54-simple-min-s5,avr,54,simple-min,5,0.5
l-avr54-simple-red-s2,avr,54,simple-red,2,0.5
l-avr54-simple-red-s3,avr,54,simple-red,3,0.5
l-avr54-simple-red-s4,avr,54,simple-red,4,0.5
l-avr54-simple-red-s5,avr,54,simple-red,5,0.5
l-avr54-stealthy-min-s2,avr,54,stealthy-min,2,0.5
l-avr54-stealthy-min-s3,avr,54,stealthy-min,3,0.5
l-avr54-stealthy-min-s4,avr,54,stealthy-min,4,0.5
l-avr54-stealthy-min-s5,avr,54,stealthy-min,5,0.5
l-avr54-stealthy-red-s2,avr,54,stealthy-red,2,0.5
l-avr54-stealthy-red-s3,avr,54,stealthy-red,3,0.5
l-avr54-stealthy-red-s4,avr,54,stealthy-red,4,0.5
l-avr54-stealthy-red-s5,avr,54,stealthy-red,5,0.5
l-avr59-ctl-s2,avr,59,ctl,2,0.5
l-avr59-ctl-s3,avr,59,ctl,3,0.5
l-avr59-ctl-s4,avr,59,ctl,4,0.5
l-avr59-ctl-s5,avr,59,ctl,5,0.5
l-avr59-delay-min-s2,avr,59,delay-min,2,5.5
l-avr59-delay-min-s3,avr,59,delay-min,3,5.5
l-avr59-delay-min-s4,avr,59,delay-min,4,5.5
l-avr59-delay-min-s5,avr,59,delay-min,5,5.5
l-avr59-delay-red-s2,avr,59,delay-red,2,5.5
l-avr59-delay-red-s3,avr,59,delay-red,3,5.5
l-avr59-delay-red-s4,avr,59,delay-red,4,5.5
l-avr59-delay-red-s5,avr,59,delay-red,5,5.5
l-avr59-simple-min-s2,avr,59,simple-min,2,5.5
l-avr59-simple-min-s3,avr,59,simple-min,3,5.5
l-avr59-simple-min-s4,avr,59,simple-min,4,5.5
l-avr59-simple-min-s5,avr,59,simple-min,5,5.5
l-avr59-simple-red-s2,avr,59,simple-red,2,0.5
l-avr59-simple-red-s3,avr,59,simple-red,3,0.5
l-avr59-simple-red-s4,avr,59,simple-red,4,0.5
l-avr59-simple-red-s5,avr,59,simple-red,5,0.5
l-avr59-stealthy-min-s2,avr,59,stealthy-min,2,0.5
l-avr59-stealthy-min-s3,avr,59,stealthy-min,3,0.5
l-avr59-stealthy-min-s4,avr,59,stealthy-min,4,0.5
l-avr59-stealthy-min-s5,avr,59,stealthy-min,5,0.5
l-avr59-stealthy-red-s2,avr,59,stealthy-red,2,5.5
l-avr59-stealthy-red-s3,avr,59,stealthy-red,3,5.5
l-avr59-stealthy-red-s4,avr,59,stealthy-red,4,5.5
l-avr59-stealthy-red-s5,avr,59,stealthy-red,5,5.5
l-avr77-ctl-s2,avr,77,ctl,2,0.5
l-avr77-ctl-s3,avr,77,ctl,3,0.5
l-avr77-ctl-s4,avr,77,ctl,4,0.5
l-avr77-ctl-s5,avr,77,ctl,5,0.5
l-avr77-delay-min-s2,avr,77,delay-min,2,5.5
l-avr77-delay-min-s3,avr,77,delay-min,3,5.5
l-avr77-delay-min-s4,avr,77,delay-min,4,5.5
l-avr77-delay-min-s5,avr,77,delay-min,5,5.5
l-avr77-delay-red-s2,avr,77,delay-red,2,0.5
l-avr77-delay-red-s3,avr,77,delay-red,3,0.5
l-avr77-delay-red-s4,avr,77,delay-red,4,0.5
l-avr77-delay-red-s5,avr,77,delay-red,5,0.5
l-avr77-simple-min-s2,avr,77,simple-min,2,0.5
l-avr77-simple-min-s3,avr,77,simple-min,3,0.5
l-avr77-simple-min-s4,avr,77,simple-min,4,0.5
l-avr77-simple-min-s5,avr,77,simple-min,5,0.5
l-avr77-simple-red-s2,avr,77,simple-red,2,0.5
l-avr77-simple-red-s3,avr,77,simple-red,3,0.5
l-avr77-simple-red-s4,avr,77,simple-red,4,0.5
l-avr77-simple-red-s5,avr,77,simple-red,5,0.5
l-avr77-stealthy-min-s2,avr,77,stealthy-min,2,0.5
l-avr77-stealthy-min-s3,avr,77,stealthy-min,3,0.5
l-avr77-stealthy-min-s4,avr,77,stealthy-min,4,0.5
l-avr77-stealthy-min-s5,avr,77,stealthy-min,5,0.5
l-avr77-stealthy-red-s2,avr,77,stealthy-red,2,0.5
l-avr77-stealthy-red-s3,avr,77,stealthy-red,3,0.5
l-avr77-stealthy-red-s4,avr,77,stealthy-red,4,0.5
l-avr77-stealthy-red-s5,avr,77,stealthy-red,5,0.5
l-avr8-ctl-s2,avr,8,ctl,2,0.5
l-avr8-ctl-s3,avr,8,ctl,3,0.5
l-avr8-ctl-s4,avr,8,ctl,4,0.5
l-avr8-ctl-s5,avr,8,ctl,5,0.5
l-avr8-delay-min-s2,avr,8,delay-min,2,5.5
l-avr8-delay-min-s3,avr,8,delay-min,3,5.5
l-avr8-delay-min-s4,avr,8,delay-min,4,5.5
l-avr8-delay-min-s5,avr,8,delay-min,5,5.5
l-avr8-delay-red-s2,avr,8,delay-red,2,0.5
l-avr8-delay-red-s3,avr,8,delay-red,3,0.5
l-avr8-delay-red-s4,avr,8,delay-red,4,0.5
l-avr8-delay-red-s5,avr,8,delay-red,5,0.5
l-avr8-simple-min-s2,avr,8,simple-min,2,0.5
l-avr8-simple-min-s3,avr,8,simple-min,3,0.5
l-avr8-simple-min-s4,avr,8,simple-min,4,0.5
l-avr8-simple-min-s5,avr,8,simple-min,5,0.5
l-avr8-simple-red-s2,avr,8,simple-red,2,0.5
l-avr8-simple-red-s3,avr,8,simple-red,3,0.5
l-avr8-simple-red-s4,avr,8,simple-red,4,0.5
l-avr8-simple-red-s5,avr,8,simple-red,5,0.5
l-avr8-stealthy-min-s2,avr,8,stealthy-min,2,0.5
l-avr8-stealthy-min-s3,avr,8,stealthy-min,3,0.5
l-avr8-stealthy-min-s4,avr,8,stealthy-min,4,0.5
l-avr8-stealthy-min-s5,avr,8,stealthy-min,5,0.5
l-avr8-stealthy-red-s2,avr,8,stealthy-red,2,0.5
l-avr8-stealthy-red-s3,avr,8,stealthy-red,3,0.5
l-avr8-stealthy-red-s4,avr,8,stealthy-red,4,0.5
l-avr8-stealthy-red-s5,avr,8,stealthy-red,5,0.5
l-avr90-ctl-s2,avr,90,ctl,2,0.5
l-avr90-ctl-s3,avr,90,ctl,3,0.5
l-avr90-ctl-s4,avr,90,ctl,4,0.5
l-avr90-ctl-s5,avr,90,ctl,5,0.5
l-avr90-delay-min-s2,avr,90,delay-min,2,5.5
l-avr90-delay-min-s3,avr,90,delay-min,3,5.5
l-avr90-delay-min-s4,avr,90,delay-min,4,5.5
l-avr90-delay-min-s5,avr,90,delay-min,5,5.5
l-avr90-delay-red-s2,avr,90,delay-red,2,5.5
l-avr90-delay-red-s3,avr,90,delay-red,3,5.5
l-avr90-delay-red-s4,avr,90,delay-red,4,5.5
l-avr90-delay-red-s5,avr,90,delay-red,5,5.5
l-avr90-simple-min-s2,avr,90,simple-min,2,0.5
l-avr90-simple-min-s3,avr,90,simple-min,3,6.0
l-avr90-simple-min-s4,avr,90,simple-min,4,0.5
l-avr90-simple-min-s5,avr,90,simple-min,5,6.0
l-avr90-simple-red-s2,avr,90,simple-red,2,0.5
l-avr90-simple-red-s3,avr,90,simple-red,3,0.5
l-avr90-simple-red-s4,avr,90,simple-red,4,0.5
l-avr90-simple-red-s5,avr,90,simple-red,5,0.5
l-avr90-stealthy-min-s2,avr,90,stealthy-min,2,5.5
l-avr90-stealthy-min-s3,avr,90,stealthy-min,3,5.5
l-avr90-stealthy-min-s4,avr,90,stealthy-min,4,5.5
l-avr90-stealthy-min-s5,avr,90,stealthy-min,5,5.5
l-avr90-stealthy-red-s2,avr,90,stealthy-red,2,0.5
l-avr90-stealthy-red-s3,avr,90,stealthy-red,3,0.5
l-avr90-stealthy-red-s4,avr,90,stealthy-red,4,0.5
l-avr90-stealthy-red-s5,avr,90,stealthy-red,5,0.5
l-load118-ctl-s2,load,118,ctl,2,1.5
l-load118-ctl-s3,load,118,ctl,3,1.5
l-load118-ctl-s4,load,118,ctl,4,1.5
l-load118-ctl-s5,load,118,ctl,5,1.5
l-load118-delay-min-s2,load,118,delay-min,2,6.0
l-load118-delay-min-s3,load,118,delay-min,3,6.0
l-load118-delay-min-s4,load,118,delay-min,4,6.0
l-load118-delay-min-s5,load,118,delay-min,5,6.0
l-load118-delay-red-s2,load,118,delay-red,2,6.0
l-load118-delay-red-s3,load,118,delay-red,3,6.0
l-load118-delay-red-s4,load,118,delay-red,4,6.0
l-load118-delay-red-s5,load,118,delay-red,5,6.0
l-load118-simple-min-s2,load,118,simple-min,2,6.0
l-load118-simple-min-s3,load,118,simple-min,3,6.0
l-load118-simple-min-s4,load,118,simple-min,4,6.0
l-load118-simple-min-s5,load,118,simple-min,5,6.0
l-load118-simple-red-s2,load,118,simple-red,2,1.5
l-load118-simple-red-s3,load,118,simple-red,3,5.5
l-load118-simple-red-s4,load,118,simple-red,4,2.0
l-load118-simple-red-s5,load,118,simple-red,5,6.0
l-load118-stealthy-min-s2,load,118,stealthy-min,2,6.0
l-load118-stealthy-min-s3,load,118,stealthy-min,3,6.0
l-load118-stealthy-min-s4,load,118,stealthy-min,4,6.0
l-load118-stealthy-min-s5,load,118,stealthy-min,5,6.0
l-load118-stealthy-red-s2,load,118,stealthy-red,2,6.0
l-load118-stealthy-red-s3,load,118,stealthy-red,3,6.0
l-load118-stealthy-red-s4,load,118,stealthy-red,4,6.0
l-load118-stealthy-red-s5,load,118,stealthy-red,5,6.0
l-load52-ctl-s2,load,52,ctl,2,2.0
l-load52-ctl-s3,load,52,ctl,3,3.5
l-load52-ctl-s4,load,52,ctl,4,2.0
l-load52-ctl-s5,load,52,ctl,5,1.5
l-load52-delay-min-s2,load,52,delay-min,2,5.5
l-load52-delay-min-s3,load,52,delay-min,3,5.5
l-load52-delay-min-s4,load,52,delay-min,4,5.5
l-load52-delay-min-s5,load,52,delay-min,5,5.5
l-load52-delay-red-s2,load,52,delay-red,2,5.5
l-load52-delay-red-s3,load,52,delay-red,3,5.5
l-load52-delay-red-s4,load,52,delay-red,4,5.5
l-load52-delay-red-s5,load,52,delay-red,5,5.5
l-load52-simple-min-s2,load,52,simple-min,2,5.5
l-load52-simple-min-s3,load,52,simple-min,3,5.5
l-load52-simple-min-s4,load,52,simple-min,4,5.5
l-load52-simple-min-s5,load,52,simple-min,5,5.5
l-load52-simple-red-s2,load,52,simple-red,2,2.0
l-load52-simple-red-s3,load,52,simple-red,3,3.5
l-load52-simple-red-s4,load,52,simple-red,4,2.0
l-load52-simple-red-s5,load,52,simple-red,5,1.5
l-load52-stealthy-min-s2,load,52,stealthy-min,2,5.5
l-load52-stealthy-min-s3,load,52,stealthy-min,3,5.5
l-load52-stealthy-min-s4,load,52,stealthy-min,4,5.5
l-load52-stealthy-min-s5,load,52,stealthy-min,5,5.5
l-load52-stealthy-red-s2,load,52,stealthy-red,2,5.5
l-load52-stealthy-red-s3,load,52,stealthy-red,3,5.5
l-load52-stealthy-red-s4,load,52,stealthy-red,4,5.5
l-load52-stealthy-red-s5,load,52,stealthy-red,5,5.5
