name,scenario,seed,sigma,violation_s,cmd_issued_t,alarm_sets_first,alarm_sets_final,alarms_before_fault
m-ctl-1,ctl,1,0.001,0.5,4.066667,3,0,2
m-ctl-2,ctl,2,0.001,0.5,4.066667,1,0,1
m-ctl-3,ctl,3,0.001,0.5,4.066667,4,0,2
m-ctl-4,ctl,4,0.001,0.5,4.066667,1,0,0
m-ctl-5,ctl,5,0.001,0.5,4.066667,3,0,3
m-simple-min-1,simple-min,1,0.001,0.5,4.066667,40,0,3
m-simple-min-2,simple-min,2,0.001,0.5,4.066667,48,0,1
m-simple-min-3,simple-min,3,0.001,0.5,4.066667,38,0,3
m-simple-min-4,simple-min,4,0.001,0.5,4.066667,36,0,1
m-simple-min-5,simple-min,5,0.001,0.5,4.066667,47,0,3
m-simple-red-1,simple-red,1,0.001,0.5,4.066667,27,0,0
m-simple-red-2,simple-red,2,0.001,0.5,4.066667,22,0,3
m-simple-red-3,simple-red,3,0.001,0.5,4.066667,27,0,3
m-simple-red-4,simple-red,4,0.001,0.5,4.066667,24,0,0
m-simple-red-5,simple-red,5,0.001,0.5,4.066667,28,0,1
m-stealthy-min-1,stealthy-min,1,0.001,0.5,4.066667,3,0,2
m-stealthy-min-2,stealthy-min,2,0.001,0.5,4.066667,3,0,1
m-stealthy-min-3,stealthy-min,3,0.001,0.5,4.066667,5,0,2
m-stealthy-min-4,stealthy-min,4,0.001,0.5,4.066667,4,0,0
m-stealthy-min-5,stealthy-min,5,0.001,0.5,4.066667,6,0,3
m-stealthy-red-1,stealthy-red,1,0.001,0.5,4.066667,3,0,0
m-stealthy-red-2,stealthy-red,2,0.001,0.5,4.066667,3,0,3
m-stealthy-red-3,stealthy-red,3,0.001,0.5,4.066667,6,0,3
m-stealthy-red-4,stealthy-red,4,0.001,0.5,4.066667,3,0,0
m-stealthy-red-5,stealthy-red,5,0.001,0.5,4.066667,2,0,1
