bus,true,pmu,estimate
1,0.955000,,0.95469
2,0.971246,,0.97097
3,0.967567,0.96715,0.96727
4,0.998000,,0.99771
5,1.001991,1.00151,1.00171
6,0.990000,,0.98972
7,0.989311,,0.98900
8,1.015000,,1.01479
9,1.042918,1.04311,1.04278
10,1.050000,,1.05003
11,0.984921,,0.98460
12,0.990000,0.98930,0.98969
13,0.967782,,0.96745
14,0.983532,,0.98321
15,0.970000,0.97117,0.96967
16,0.983576,,0.98328
17,0.995073,0.99516,0.99475
18,0.973000,,0.97270
19,0.962000,,0.96168
20,0.956399,0.95560,0.95605
21,0.956938,,0.95657
22,0.968304,,0.96795
23,0.999265,0.99845,0.99891
24,0.992000,,0.99164
25,1.050000,,1.04974
26,1.015000,1.01437,1.01477
27,0.968000,,0.96740
28,0.961402,,0.96107
29,0.963127,0.96364,0.96282
30,0.985206,,0.98499
31,0.967000,,0.96669
32,0.963000,,0.96287
33,0.970659,,0.97034
34,0.984000,0.98396,0.98370
35,0.980406,,0.98011
36,0.980000,,0.97970
37,0.990589,0.98967,0.99028
38,0.960974,,0.96071
39,0.969827,,0.96954
40,0.970000,0.96957,0.96972
41,0.966674,,0.96639
42,0.985000,,0.98478
43,0.989208,,0.98891
44,1.014157,,1.01375
45,1.022142,1.02173,1.02170
46,1.005000,,1.00457
47,1.071976,,1.06725
48,1.096679,,1.09185
49,1.120000,1.01939,1.11970
50,1.073633,,1.06875
51,1.011068,,1.00612
52,0.993627,,0.99177
53,0.961705,0.95987,0.95989
54,0.955000,,0.95318
55,0.952000,,0.95019
56,0.954000,0.95226,0.95218
57,1.001368,,0.99960
58,0.984451,,0.98256
59,0.985000,,0.98321
60,0.993119,,0.99332
61,0.995000,,0.99520
62,0.998000,0.99858,0.99820
63,0.968693,,0.96886
64,0.983658,0.98311,0.98386
65,1.005000,,1.00526
66,1.050000,,1.05025
67,1.019624,,1.01977
68,1.003289,1.00297,1.00355
69,1.035000,,1.03523
70,0.984000,,0.98417
71,0.986822,0.98779,0.98700
72,0.980000,,0.98018
73,0.991000,,0.99117
74,0.958000,,0.95818
75,0.966947,0.96585,0.96713
76,0.943000,,0.94328
77,1.006000,1.00723,1.00623
78,1.003259,,1.00349
79,1.008954,,1.00917
80,1.040000,1.04089,1.04026
81,0.996785,,0.99704
82,0.988211,,0.98843
83,0.984196,,0.98443
84,0.979566,,0.97974
85,0.985000,0.98382,0.98518
86,0.986370,0.98797,0.98656
87,1.015000,,1.01521
88,0.987381,,0.98753
89,1.005000,,1.00491
90,0.985000,0.98522,0.98501
91,0.980000,,0.98001
92,0.990000,,0.99036
93,0.985275,,0.98551
94,0.989546,0.99005,0.98981
95,0.979818,,0.98009
96,0.991944,,0.99220
97,1.010838,,1.01108
98,1.023391,,1.02368
99,1.010000,,1.01022
100,1.017000,,1.01729
101,0.991166,0.99157,0.99148
102,0.989010,,0.98929
103,1.010000,,1.00878
104,0.971000,,0.96973
105,0.965000,0.96320,0.96373
106,0.960869,,0.95960
107,0.952000,,0.95063
108,0.966157,,0.96488
109,0.966961,,0.96557
110,0.973000,0.97211,0.97160
111,0.980000,,0.97857
112,0.975000,,0.97354
113,0.993000,,0.99268
114,0.959993,,0.95942
115,0.959916,0.95934,0.95934
116,1.005000,,1.00527
117,0.973527,,0.97323
118,0.949083,,0.94928
