name,scenario,seed,placement,attack,bdd_removal,control,latency_ms,pdc_wait_ms,loss,mpi_np,violation_s,cmd_issued_t,cmd_delivered_t,cmd_applied_t,sets,complete_pct,observable_pct,alarm_sets_first,alarm_sets_final,removal_sets,removed_pmus,attack_sets,attack_sets_usable,first_alarm_t,J_normal_mean,frames_total,frames_in_time_pct,lat_p50_ms,lat_p95_ms,pdc_release_ms,se_mae_pu,gridpack_solve_ms_median,grid_step_ms_mean,wall_s,run_dir
mpi1-s01,mpi1,1,minimum,none,on,on,10.0,20.0,0.0,1,0.5,4.066667,4.107,4.5,298,100.0,100.0,0,0,0,,150,150,,25.511184873949585,9568,100.0,12.369799666666736,17.802800333333035,18.0,0.00028,9.98,20.17,4.8,20261009_130719_mpi1-s01
mpi1-s02,mpi1,2,minimum,none,on,on,10.0,20.0,0.0,1,0.5,4.066667,4.114061,4.5,298,100.0,100.0,0,0,0,,150,150,,25.585420168067223,9568,100.0,12.356600333332857,16.989600333333854,17.58,0.00028,7.07,11.31,4.1,20261009_130720_mpi1-s02
mpi1-s03,mpi1,3,minimum,none,on,on,10.0,20.0,0.0,1,0.5,4.066667,4.112068,4.5,298,100.0,100.0,0,0,0,,150,150,,25.633277310924367,9568,100.0,12.127199666666755,16.979799999999656,17.71,0.00028,9.75,17.28,5.0,20261009_130725_mpi1-s03
mpi1-s04,mpi1,4,minimum,none,on,on,10.0,20.0,0.0,1,0.5,4.066667,4.114235,4.5,298,100.0,100.0,0,0,0,,150,150,,25.00586554621849,9568,100.0,13.353800333333332,17.83160033333331,18.11,0.00028,9.79,16.36,4.8,20261009_130726_mpi1-s04
mpi1-s05,mpi1,5,minimum,none,on,on,10.0,20.0,0.0,1,0.5,4.066667,4.108763,4.5,298,100.0,100.0,0,0,0,,150,150,,26.28065546218487,9568,100.0,12.733600333333317,17.19960033333301,17.88,0.00028,11.58,22.41,5.2,20261009_130732_mpi1-s05
mpi2-s01,mpi2,1,minimum,none,on,on,10.0,20.0,0.0,2,0.5,4.066667,4.107,4.5,298,100.0,100.0,0,0,0,,150,150,,25.511184873949585,9568,100.0,12.369799666666736,17.802800333333035,18.0,0.00028,15.68,25.87,5.2,20261009_130732_mpi2-s01
mpi2-s02,mpi2,2,minimum,none,on,on,10.0,20.0,0.0,2,0.5,4.066667,4.114061,4.5,298,100.0,100.0,0,0,0,,150,150,,25.585420168067223,9568,100.0,12.356600333332857,16.989600333333854,17.58,0.00028,44.63,59.08,6.2,20261009_130738_mpi2-s02
mpi2-s03,mpi2,3,minimum,none,on,on,10.0,20.0,0.0,2,0.5,4.066667,4.112068,4.5,298,100.0,100.0,0,0,0,,150,150,,25.633277310924367,9568,100.0,12.127199666666755,16.979799999999656,17.71,0.00028,33.75,42.87,6.0,20261009_130739_mpi2-s03
mpi2-s04,mpi2,4,minimum,none,on,on,10.0,20.0,0.0,2,0.5,4.066667,4.114235,4.5,298,100.0,100.0,0,0,0,,150,150,,25.00586554621849,9568,100.0,13.353800333333332,17.83160033333331,18.11,0.00028,36.0,75.51,6.6,20261009_130746_mpi2-s04
mpi2-s05,mpi2,5,minimum,none,on,on,10.0,20.0,0.0,2,0.5,4.066667,4.108763,4.5,298,100.0,100.0,0,0,0,,150,150,,26.28065546218487,9568,100.0,12.733600333333317,17.19960033333301,17.88,0.00028,32.76,56.99,6.6,20261009_130746_mpi2-s05
mpi4-s01,mpi4,1,minimum,none,on,on,10.0,20.0,0.0,4,0.5,4.066667,4.107,4.5,298,100.0,100.0,0,0,0,,150,150,,25.511184873949585,9568,100.0,12.369799666666736,17.802800333333035,18.0,0.00028,72.01,140.1,7.0,20261009_130829_mpi4-s01
mpi4-s02,mpi4,2,minimum,none,on,on,10.0,20.0,0.0,4,0.5,4.066667,4.114061,4.5,298,100.0,100.0,0,0,0,,150,150,,25.585420168067223,9568,100.0,12.356600333332857,16.989600333333854,17.58,0.00028,123.13,155.19,7.8,20261009_130754_mpi4-s02
mpi4-s03,mpi4,3,minimum,none,on,on,10.0,20.0,0.0,4,0.5,4.066667,4.112068,4.5,298,100.0,100.0,0,0,0,,150,150,,25.633277310924367,9568,100.0,12.127199666666755,16.979799999999656,17.71,0.00028,86.7,113.25,7.3,20261009_130803_mpi4-s03
mpi4-s04,mpi4,4,minimum,none,on,on,10.0,20.0,0.0,4,0.5,4.066667,4.114235,4.5,298,100.0,100.0,0,0,0,,150,150,,25.00586554621849,9568,100.0,13.353800333333332,17.83160033333331,18.11,0.00028,80.36,133.52,7.1,20261009_130812_mpi4-s04
mpi4-s05,mpi4,5,minimum,none,on,on,10.0,20.0,0.0,4,0.5,4.066667,4.108763,4.5,298,100.0,100.0,0,0,0,,150,150,,26.28065546218487,9568,100.0,12.733600333333317,17.19960033333301,17.88,0.00028,90.38,138.17,7.4,20261009_130821_mpi4-s05
s01-ctl,ctl,1,minimum,none,on,on,10.0,20.0,0.0,1,0.5,4.066667,4.107,4.5,298,100.0,100.0,0,0,0,,150,150,,25.511184873949585,9568,100.0,12.369799666666736,17.802800333333035,18.0,0.00028,11.93,45.02,20.3,20261009_125536_s01-ctl
s01-delay-min,delay-min,1,minimum,delay,on,on,10.0,20.0,0.0,1,5.5,9.033333,9.073666667,9.5,298,49.7,49.7,0,0,0,,150,150,,25.511184873949585,9568,96.86454849498328,12.369800000000097,17.803599666667225,22.97,0.00028,5.9,13.22,4.4,20261009_125609_s01-delay-min
s01-delay-red,delay-red,1,redundant,delay,on,on,10.0,20.0,0.0,1,0.5,4.066667,4.108835,4.5,298,49.7,49.7,0,0,0,,150,150,,97.82347899159664,20332,96.31123352350974,13.123999666667885,17.010600333333237,22.71,0.0001,7.35,11.75,5.2,20261009_125625_s01-delay-red
s01-drop-min,drop-min,1,minimum,drop,on,on,10.0,20.0,0.0,1,5.5,9.033333,9.073666667,9.5,298,49.7,49.7,0,0,0,,150,150,,25.511184873949585,9568,96.86454849498328,12.369799666666736,17.80280000000012,22.98,0.00028,6.49,12.09,4.6,20261009_125612_s01-drop-min
s01-drop-red,drop-red,1,redundant,drop,on,on,10.0,20.0,0.0,1,0.5,4.066667,4.108835,4.5,298,49.7,49.7,0,0,0,,150,150,,97.82347899159664,20332,96.31123352350974,13.040200333334084,17.010599999999876,22.68,0.0001,6.3,10.69,4.8,20261009_125627_s01-drop-red
s01-lat20,lat20,1,minimum,none,on,on,20.0,20.0,0.0,1,0.5,4.066667,4.113916,4.5,298,75.5,75.5,0,0,0,,150,150,,25.468852631578955,9568,99.23704013377926,22.018399666666966,32.28819966666663,32.66,0.00028,8.25,15.03,5.2,20261009_125638_s01-lat20
s01-lat40,lat40,1,minimum,none,on,on,40.0,20.0,0.0,1,0.5,4.1,4.161078333,4.5,297,0.0,0.0,0,0,0,,150,150,,nan,9568,59.67809364548495,34.71780000000013,43.64979999999985,43.75,0.00561,8.79,18.39,5.2,20261009_125640_s01-lat40
s01-lat40-w10,lat40-w10,1,minimum,none,on,on,40.0,10.0,0.0,1,6.0,,,,298,0.0,0.0,0,0,0,,150,150,,nan,9568,22.53344481605351,28.641199666666672,33.45999999999982,33.74,0.01665,8.02,15.0,4.8,20261009_125647_s01-lat40-w10
s01-lat40-w40,lat40-w40,1,minimum,none,on,on,40.0,40.0,0.0,1,0.5,4.1,4.161078333,4.5,297,100.0,100.0,0,0,0,,150,150,,25.511184873949585,9568,99.66555183946488,41.71360033333382,61.57380033333304,62.2,0.00028,8.26,21.97,5.2,20261009_125652_s01-lat40-w40
s01-lat40-w60,lat40-w60,1,minimum,none,on,on,40.0,60.0,0.0,1,0.5,4.1,4.161078333,4.5,297,100.0,100.0,0,0,0,,150,150,,25.511184873949585,9568,99.66555183946488,41.71360033333382,61.57380033333304,62.2,0.00028,9.79,16.44,4.8,20261009_125653_s01-lat40-w60
s01-lat40-w80,lat40-w80,1,minimum,none,on,on,40.0,80.0,0.0,1,0.5,4.1,4.161078333,4.5,297,100.0,100.0,0,0,0,,150,150,,25.511184873949585,9568,99.66555183946488,41.71360033333382,61.57380033333304,62.2,0.00028,11.75,18.26,5.4,20261009_125658_s01-lat40-w80
s01-lat5,lat5,1,minimum,none,on,on,5.0,20.0,0.0,1,0.5,4.066667,4.103542,4.5,298,100.0,100.0,0,0,0,,150,150,,25.511184873949585,9568,100.0,7.465399666667594,10.553600000000607,10.64,0.00028,8.58,13.97,4.8,20261009_125633_s01-lat5
s01-lat80,lat80,1,minimum,none,on,on,80.0,20.0,0.0,1,6.0,,,,297,0.0,0.0,0,0,0,,150,150,,nan,9568,23.400919732441473,54.67299966666683,64.39659999999981,64.85,0.01664,8.08,17.3,5.0,20261009_125645_s01-lat80
s01-loss5-min,loss5-min,1,minimum,none,on,on,10.0,20.0,0.05,1,0.5,4.066667,4.107,4.5,298,18.1,18.1,0,0,0,,150,150,,25.579047619047618,9568,94.65928093645485,12.370600333333037,17.80280000000012,26.11,0.0003,5.78,12.11,5.0,20261009_125614_s01-loss5-min
s01-loss5-red,loss5-red,1,redundant,none,on,on,10.0,20.0,0.05,1,0.5,4.066667,4.108835,4.5,298,2.7,82.9,0,0,0,,150,150,,90.55254807692307,20332,94.8111351564037,13.124800333334186,17.018200333333677,27.22,0.00014,8.01,13.69,5.4,20261009_125631_s01-loss5-red
s01-noctl,noctl,1,minimum,none,on,off,10.0,20.0,0.0,1,6.0,,,,298,100.0,100.0,0,0,0,,150,150,,25.511184873949585,9568,100.0,12.369799999999987,17.80280000000012,18.0,0.00026,12.06,45.27,20.3,20261009_125536_s01-noctl
s01-simple-min,simple-min,1,minimum,fdi-simple,on,on,10.0,20.0,0.0,1,0.5,4.066667,4.107,4.5,298,100.0,95.0,15,0,15,49,150,150,4.033333,25.511184873949585,9568,100.0,12.369799666666736,17.802800333333035,18.0,0.00025,11.57,17.48,5.6,20261009_125558_s01-simple-min
s01-simple-nobdd,simple-nobdd,1,minimum,fdi-simple,off,on,10.0,20.0,0.0,1,5.5,9.033333,9.073666667,9.5,298,100.0,100.0,149,149,0,,150,1,4.033333,25.511184873949585,9568,100.0,12.369800000000097,17.80280000000012,18.0,0.00028,9.77,19.91,9.0,20261009_125558_s01-simple-nobdd
s01-simple-red,simple-red,1,redundant,fdi-simple,on,on,10.0,20.0,0.0,1,0.5,4.066667,4.108835,4.5,298,100.0,100.0,15,0,15,49,150,150,4.033333,97.82347899159664,20332,100.0,13.041000333333663,17.018200333333233,17.9,0.0001,6.8,14.8,5.4,20261009_125618_s01-simple-red
s01-stealthy-min,stealthy-min,1,minimum,fdi-stealthy,on,on,10.0,20.0,0.0,1,0.5,4.066667,4.107,4.5,298,100.0,100.0,0,0,0,,150,150,,25.511184873949585,9568,100.0,12.369799666666736,17.802800333333035,18.0,0.00025,7.46,12.34,5.0,20261009_125605_s01-stealthy-min
s01-stealthy-red,stealthy-red,1,redundant,fdi-stealthy,on,on,10.0,20.0,0.0,1,0.5,4.066667,4.108835,4.5,298,100.0,100.0,0,0,0,,150,150,,97.82347899159664,20332,100.0,13.041000333333663,17.018200333333233,17.9,0.0001,6.48,11.74,4.4,20261009_125621_s01-stealthy-red
s02-ctl,ctl,2,minimum,none,on,on,10.0,20.0,0.0,1,0.5,4.066667,4.114061,4.5,298,100.0,100.0,0,0,0,,150,150,,25.585420168067223,9568,100.0,12.356600333332857,16.989600333333854,17.58,0.00028,9.37,17.34,5.0,20261009_125705_s02-ctl
s02-delay-min,delay-min,2,minimum,delay,on,on,10.0,20.0,0.0,1,5.5,9.033333,9.080727667,9.5,298,49.7,49.7,0,0,0,,150,150,,25.585420168067223,9568,96.86454849498328,12.35419966666651,16.99039966666671,22.83,0.00028,8.88,16.73,5.2,20261009_125720_s02-delay-min
s02-delay-red,delay-red,2,redundant,delay,on,on,10.0,20.0,0.0,1,0.5,4.066667,4.106188,4.5,298,49.7,49.7,0,0,0,,150,150,,98.60846218487396,20332,96.31123352350974,12.835999666666709,16.988000000000003,22.68,0.0001,7.22,14.17,4.8,20261009_125735_s02-delay-red
s02-drop-min,drop-min,2,minimum,drop,on,on,10.0,20.0,0.0,1,5.5,9.033333,9.080727667,9.5,298,49.7,49.7,0,0,0,,150,150,,25.585420168067223,9568,96.86454849498328,12.353400333333653,16.990400000000072,22.81,0.00028,7.5,15.36,5.0,20261009_125722_s02-drop-min
s02-drop-red,drop-red,2,redundant,drop,on,on,10.0,20.0,0.0,1,0.5,4.066667,4.106188,4.5,298,49.7,49.7,0,0,0,,150,150,,98.60846218487396,20332,96.31123352350974,12.83500033333329,16.98819966666676,22.69,0.0001,6.6,13.89,5.0,20261009_125740_s02-drop-red
s02-lat20,lat20,2,minimum,none,on,on,20.0,20.0,0.0,1,0.5,4.066667,4.128039,4.5,298,100.0,100.0,0,0,0,,150,150,,25.585420168067223,9568,100.0,21.93040033333382,31.136800000000076,32.12,0.00028,8.75,14.49,4.2,20261009_125748_s02-lat20
s02-lat40,lat40,2,minimum,none,on,on,40.0,20.0,0.0,1,0.5,4.1,4.189322333,4.5,297,0.0,0.0,0,0,0,,150,150,,nan,9568,56.762123745819395,33.63919966666668,42.68699999999992,44.93,0.00868,8.59,16.21,4.6,20261009_125752_s02-lat40
s02-lat40-w10,lat40-w10,2,minimum,none,on,on,40.0,10.0,0.0,1,6.0,,,,297,0.0,0.0,0,0,0,,150,150,,nan,9568,34.39590301003344,29.69719966666662,34.180800000001454,34.93,0.01435,9.76,16.73,4.8,20261009_125759_s02-lat40-w10
s02-lat40-w40,lat40-w40,2,minimum,none,on,on,40.0,40.0,0.0,1,0.5,4.1,4.189322333,4.5,297,100.0,100.0,0,0,0,,150,150,,25.585420168067223,9568,99.66555183946488,41.01119966666688,59.11620000000006,61.47,0.00028,7.59,13.01,4.2,20261009_125800_s02-lat40-w40
s02-lat40-w60,lat40-w60,2,minimum,none,on,on,40.0,60.0,0.0,1,0.5,4.1,4.189322333,4.5,297,100.0,100.0,0,0,0,,150,150,,25.585420168067223,9568,99.66555183946488,41.01119966666688,59.11620000000006,61.47,0.00028,10.79,20.0,5.0,20261009_125805_s02-lat40-w60
s02-lat40-w80,lat40-w80,2,minimum,none,on,on,40.0,80.0,0.0,1,0.5,4.1,4.189322333,4.5,297,100.0,100.0,0,0,0,,150,150,,25.585420168067223,9568,99.66555183946488,41.01119966666688,59.11620000000006,61.47,0.00028,9.77,17.3,4.8,20261009_125805_s02-lat40-w80
s02-lat5,lat5,2,minimum,none,on,on,5.0,20.0,0.0,1,0.5,4.066667,4.107073,4.5,298,100.0,100.0,0,0,0,,150,150,,25.585420168067223,9568,100.0,7.631599666666489,10.067600333333537,10.38,0.00028,7.69,12.35,4.4,20261009_125746_s02-lat5
s02-lat80,lat80,2,minimum,none,on,on,80.0,20.0,0.0,1,6.0,,,,296,0.0,0.0,0,0,0,,150,150,,nan,9568,33.63294314381271,57.176000000000116,66.11820000000002,67.14,0.01499,6.73,11.87,4.0,20261009_125754_s02-lat80
s02-loss5-min,loss5-min,2,minimum,none,on,on,10.0,20.0,0.05,1,0.5,4.066667,4.114061,4.5,298,20.5,20.5,0,0,0,,150,150,,25.930840000000003,9568,95.22366220735786,12.536399666666698,16.990399666665823,25.91,0.0003,7.7,18.79,4.8,20261009_125727_s02-loss5-min
s02-loss5-red,loss5-red,2,redundant,none,on,on,10.0,20.0,0.05,1,0.5,4.066667,4.106188,4.5,298,4.4,83.2,0,0,0,,150,150,,91.15405208333334,20332,94.98327759197325,12.832799999999978,16.98740000000143,27.15,0.00014,6.82,11.05,5.0,20261009_125742_s02-loss5-red
s02-noctl,noctl,2,minimum,none,on,off,10.0,20.0,0.0,1,6.0,,,,298,100.0,100.0,0,0,0,,150,150,,25.585420168067223,9568,100.0,12.356600333331968,16.989600333332966,17.58,0.00026,8.49,14.96,5.2,20261009_125700_s02-noctl
s02-simple-min,simple-min,2,minimum,fdi-simple,on,on,10.0,20.0,0.0,1,0.5,4.066667,4.114061,4.5,298,100.0,95.0,15,0,15,49,150,150,4.033333,25.585420168067223,9568,100.0,12.356600333332857,16.989600333333854,17.58,0.00024,7.99,13.0,4.8,20261009_125707_s02-simple-min
s02-simple-nobdd,simple-nobdd,2,minimum,fdi-simple,off,on,10.0,20.0,0.0,1,5.5,9.033333,9.080727667,9.5,298,100.0,100.0,149,149,0,,150,1,4.033333,25.585420168067223,9568,100.0,12.356600333331968,16.989600333332966,17.58,0.00028,7.48,15.55,8.0,20261009_125712_s02-simple-nobdd
s02-simple-red,simple-red,2,redundant,fdi-simple,on,on,10.0,20.0,0.0,1,0.5,4.066667,4.106188,4.5,298,100.0,100.0,15,0,15,49,150,150,4.033333,98.60846218487396,20332,100.0,12.83119966666657,16.987400333333458,17.75,0.0001,6.69,12.43,5.5,20261009_125728_s02-simple-red
s02-stealthy-min,stealthy-min,2,minimum,fdi-stealthy,on,on,10.0,20.0,0.0,1,0.5,4.066667,4.114061,4.5,298,100.0,100.0,0,0,0,,150,150,,25.585420168067223,9568,100.0,12.356600333332857,16.989600333333854,17.58,0.00024,10.46,17.5,5.0,20261009_125713_s02-stealthy-min
s02-stealthy-red,stealthy-red,2,redundant,fdi-stealthy,on,on,10.0,20.0,0.0,1,0.5,4.066667,4.106188,4.5,298,100.0,100.0,0,0,0,,150,150,,98.60846218487396,20332,100.0,12.83119966666657,16.987400333333458,17.75,0.0001,8.32,13.34,5.2,20261009_125733_s02-stealthy-red
s03-ctl,ctl,3,minimum,none,on,on,10.0,20.0,0.0,1,0.5,4.066667,4.112068,4.5,298,100.0,100.0,0,0,0,,150,150,,25.633277310924367,9568,100.0,12.127199666666755,16.979799999999656,17.71,0.00028,8.95,15.51,4.6,20261009_125812_s03-ctl
s03-delay-min,delay-min,3,minimum,delay,on,on,10.0,20.0,0.0,1,5.5,9.033333,9.078734667,9.5,298,49.7,49.7,0,0,0,,150,150,,25.633277310924367,9568,96.86454849498328,11.95399966666777,16.980599666666762,22.65,0.00028,7.78,13.07,4.6,20261009_125827_s03-delay-min
s03-delay-red,delay-red,3,redundant,delay,on,on,10.0,20.0,0.0,1,0.5,4.066667,4.112144,4.5,298,49.7,49.7,0,0,0,,150,150,,97.98349579831931,20332,96.31123352350974,12.963600000000852,16.954200000000696,22.72,0.0001,7.8,13.67,5.2,20261009_125844_s03-delay-red
s03-drop-min,drop-min,3,minimum,drop,on,on,10.0,20.0,0.0,1,5.5,9.033333,9.078734667,9.5,298,49.7,49.7,0,0,0,,150,150,,25.633277310924367,9568,96.86454849498328,12.122399666666617,16.980600000000123,22.61,0.00028,7.21,14.09,4.8,20261009_125829_s03-drop-min
s03-drop-red,drop-red,3,redundant,drop,on,on,10.0,20.0,0.0,1,0.5,4.066667,4.112144,4.5,298,49.7,49.7,0,0,0,,150,150,,97.98349579831931,20332,96.31123352350974,12.963599999999964,16.882199666666153,22.71,0.0001,7.16,11.67,4.6,20261009_125846_s03-drop-red
s03-lat20,lat20,3,minimum,none,on,on,20.0,20.0,0.0,1,0.5,4.066667,4.124053,4.5,298,58.4,58.4,0,0,0,,150,150,,25.94084848484848,9568,98.2336956521739,21.72339999999995,31.079599666666624,32.23,0.00029,11.5,20.43,4.8,20261009_125857_s03-lat20
s03-lat40,lat40,3,minimum,none,on,on,40.0,20.0,0.0,1,6.0,,,,297,0.0,0.0,0,0,0,,150,150,,nan,9568,56.061872909699,34.24559966666685,42.03039966666644,42.72,0.00966,9.84,20.58,4.6,20261009_125858_s03-lat40
s03-lat40-w10,lat40-w10,3,minimum,none,on,on,40.0,10.0,0.0,1,6.0,,,,298,0.0,0.0,0,0,0,,150,150,,nan,9568,24.184782608695652,26.602800000000926,31.71199999999974,32.72,0.01789,11.14,18.27,4.8,20261009_125904_s03-lat40-w10
s03-lat40-w40,lat40-w40,3,minimum,none,on,on,40.0,40.0,0.0,1,0.5,4.1,4.181350333,4.5,297,100.0,100.0,0,0,0,,150,150,,25.633277310924367,9568,99.66555183946488,41.026399666666656,60.39580033333358,61.76,0.00028,8.53,13.74,4.8,20261009_125910_s03-lat40-w40
s03-lat40-w60,lat40-w60,3,minimum,none,on,on,40.0,60.0,0.0,1,0.5,4.1,4.181350333,4.5,297,100.0,100.0,0,0,0,,150,150,,25.633277310924367,9568,99.66555183946488,41.026399666666656,60.39580033333358,61.76,0.00028,8.49,13.16,4.8,20261009_125911_s03-lat40-w60
s03-lat40-w80,lat40-w80,3,minimum,none,on,on,40.0,80.0,0.0,1,0.5,4.1,4.181350333,4.5,297,100.0,100.0,0,0,0,,150,150,,25.633277310924367,9568,99.66555183946488,41.026399666666656,60.39580033333358,61.76,0.00028,9.6,16.59,4.8,20261009_125916_s03-lat40-w80
s03-lat5,lat5,3,minimum,none,on,on,5.0,20.0,0.0,1,0.5,4.066667,4.106076,4.5,298,100.0,100.0,0,0,0,,150,150,,25.633277310924367,9568,100.0,7.57319966666703,9.670600333333113,10.42,0.00028,7.8,14.78,4.4,20261009_125852_s03-lat5
s03-lat80,lat80,3,minimum,none,on,on,80.0,20.0,0.0,1,6.0,,,,297,0.0,0.0,0,0,0,,150,150,,nan,9568,24.91638795986622,50.4112000000001,62.18260033333323,62.78,0.01789,11.86,17.85,5.0,20261009_125903_s03-lat80
s03-loss5-min,loss5-min,3,minimum,none,on,on,10.0,20.0,0.05,1,0.5,4.066667,4.112068,4.5,298,22.1,22.1,0,0,0,,150,150,,26.26681818181818,9568,95.40133779264214,12.126399999999649,16.979799999999877,25.36,0.00031,7.75,13.36,4.9,20261009_125833_s03-loss5-min
s03-loss5-red,loss5-red,3,redundant,none,on,on,10.0,20.0,0.05,1,0.5,4.066667,4.112144,4.5,298,3.7,89.9,0,0,0,,150,150,,90.99928703703705,20332,95.20460358056266,12.964400333333348,16.955799999999854,27.22,0.00013,7.94,14.72,5.4,20261009_125850_s03-loss5-red
s03-noctl,noctl,3,minimum,none,on,off,10.0,20.0,0.0,1,6.0,,,,298,100.0,100.0,0,0,0,,150,150,,25.633277310924367,9568,100.0,12.126399666666732,16.9798000000001,17.71,0.00026,8.88,14.95,4.6,20261009_125811_s03-noctl
s03-simple-min,simple-min,3,minimum,fdi-simple,on,on,10.0,20.0,0.0,1,0.5,4.066667,4.112068,4.5,298,100.0,95.0,15,0,15,49,150,150,4.033333,25.633277310924367,9568,100.0,12.127199666666755,16.979799999999656,17.71,0.00024,9.38,15.24,5.0,20261009_125817_s03-simple-min
s03-simple-nobdd,simple-nobdd,3,minimum,fdi-simple,off,on,10.0,20.0,0.0,1,5.5,9.033333,9.078734667,9.5,298,100.0,100.0,149,149,0,,150,1,4.033333,25.633277310924367,9568,100.0,12.126399666666732,16.979800000000544,17.71,0.00028,6.6,12.92,7.8,20261009_125818_s03-simple-nobdd
s03-simple-red,simple-red,3,redundant,fdi-simple,on,on,10.0,20.0,0.0,1,0.5,4.066667,4.112144,4.5,298,100.0,100.0,15,0,15,49,150,150,4.033333,97.98349579831931,20332,100.0,12.964400333333348,16.95579966666666,17.74,0.0001,8.0,16.15,6.2,20261009_125836_s03-simple-red
s03-stealthy-min,stealthy-min,3,minimum,fdi-stealthy,on,on,10.0,20.0,0.0,1,0.5,4.066667,4.112068,4.5,298,100.0,100.0,0,0,0,,150,150,,25.633277310924367,9568,100.0,12.127199666666755,16.979799999999656,17.71,0.00024,6.35,10.98,4.0,20261009_125824_s03-stealthy-min
s03-stealthy-red,stealthy-red,3,redundant,fdi-stealthy,on,on,10.0,20.0,0.0,1,0.5,4.066667,4.112144,4.5,298,100.0,100.0,0,0,0,,150,150,,97.98349579831931,20332,100.0,12.964400333333348,16.95579966666666,17.74,0.0001,7.49,14.96,4.8,20261009_125840_s03-stealthy-red
s04-ctl,ctl,4,minimum,none,on,on,10.0,20.0,0.0,1,0.5,4.066667,4.114235,4.5,298,100.0,100.0,0,0,0,,150,150,,25.00586554621849,9568,100.0,13.353800333333332,17.83160033333331,18.11,0.00028,8.61,15.75,4.8,20261009_125923_s04-ctl
s04-delay-min,delay-min,4,minimum,delay,on,on,10.0,20.0,0.0,1,5.5,9.033333,9.080901667,9.5,298,49.7,49.7,0,0,0,,150,150,,25.00586554621849,9568,96.86454849498328,13.321200000000033,17.830000000000013,23.34,0.00029,7.79,12.3,4.4,20261009_125936_s04-delay-min
s04-delay-red,delay-red,4,redundant,delay,on,on,10.0,20.0,0.0,1,0.5,4.066667,4.105718,4.5,298,49.7,49.7,0,0,0,,150,150,,97.60057983193275,20332,96.31123352350974,13.188599999999994,17.763599666666963,22.97,0.00011,8.18,15.6,5.2,20261009_125953_s04-delay-red
s04-drop-min,drop-min,4,minimum,drop,on,on,10.0,20.0,0.0,1,5.5,9.033333,9.080901667,9.5,298,49.7,49.7,0,0,0,,150,150,,25.00586554621849,9568,96.86454849498328,13.3498000000003,17.82999966666665,23.31,0.00029,7.41,14.46,4.6,20261009_125940_s04-drop-min
s04-drop-red,drop-red,4,redundant,drop,on,on,10.0,20.0,0.0,1,0.5,4.066667,4.105718,4.5,298,49.7,49.7,0,0,0,,150,150,,97.60057983193275,20332,96.31123352350974,13.18940000000035,17.762800333333217,22.98,0.00011,7.81,14.44,5.5,20261009_125955_s04-drop-red
s04-lat20,lat20,4,minimum,none,on,on,20.0,20.0,0.0,1,0.5,4.066667,4.128385,4.5,298,100.0,100.0,0,0,0,,150,150,,25.00586554621849,9568,100.0,24.380200333333324,32.41760033333296,32.87,0.00028,8.51,15.04,4.6,20261009_130007_s04-lat20
s04-lat40,lat40,4,minimum,none,on,on,40.0,20.0,0.0,1,6.0,,,,297,0.0,0.0,0,0,0,,150,150,,nan,9568,50.668896321070235,39.431200000001,44.095,46.07,0.0111,6.53,11.86,4.6,20261009_130008_s04-lat40
s04-lat40-w10,lat40-w10,4,minimum,none,on,on,40.0,10.0,0.0,1,6.0,,,,297,0.0,0.0,0,0,0,,150,150,,nan,9568,16.36705685618729,29.282399666666237,32.19900033333367,36.07,0.01828,9.01,14.56,4.2,20261009_130014_s04-lat40-w10
s04-lat40-w40,lat40-w40,4,minimum,none,on,on,40.0,40.0,0.0,1,0.5,4.1,4.190015333,4.5,297,100.0,100.0,0,0,0,,150,150,,25.00586554621849,9568,99.66555183946488,46.53560000000034,61.84759966666675,62.46,0.00029,9.27,15.03,4.8,20261009_130019_s04-lat40-w40
s04-lat40-w60,lat40-w60,4,minimum,none,on,on,40.0,60.0,0.0,1,0.5,4.1,4.190015333,4.5,297,100.0,100.0,0,0,0,,150,150,,25.00586554621849,9568,99.66555183946488,46.53560000000034,61.84759966666675,62.46,0.00029,8.69,14.77,4.6,20261009_130020_s04-lat40-w60
s04-lat40-w80,lat40-w80,4,minimum,none,on,on,40.0,80.0,0.0,1,0.5,4.1,4.190015333,4.5,297,100.0,100.0,0,0,0,,150,150,,25.00586554621849,9568,99.66555183946488,46.53560000000034,61.84759966666675,62.46,0.00029,9.04,14.02,4.6,20261009_130025_s04-lat40-w80
s04-lat5,lat5,4,minimum,none,on,on,5.0,20.0,0.0,1,0.5,4.066667,4.107159,4.5,298,100.0,100.0,0,0,0,,150,150,,25.00586554621849,9568,100.0,8.181000333332022,10.521000333333141,10.73,0.00028,8.23,13.17,4.8,20261009_130002_s04-lat5
s04-lat80,lat80,4,minimum,none,on,on,80.0,20.0,0.0,1,6.0,,,,296,0.0,0.0,0,0,0,,150,150,,nan,9568,15.520484949832776,56.386999666666604,61.14759999999997,69.31,0.01857,10.69,17.6,4.6,20261009_130013_s04-lat80
s04-loss5-min,loss5-min,4,minimum,none,on,on,10.0,20.0,0.05,1,0.5,4.066667,4.114235,4.5,298,19.5,19.5,0,0,0,,150,150,,24.85125,9568,95.2863712374582,13.353000333333753,17.83160000000006,26.48,0.00031,6.65,11.4,4.4,20261009_125942_s04-loss5-min
s04-loss5-red,loss5-red,4,redundant,none,on,on,10.0,20.0,0.05,1,0.5,4.066667,4.105718,4.5,298,3.0,84.9,0,0,0,,150,150,,90.26077777777778,20332,95.07180798740902,13.08240033333341,17.761999666666917,27.62,0.00014,11.65,16.92,5.6,20261009_130000_s04-loss5-red
s04-noctl,noctl,4,minimum,none,on,off,10.0,20.0,0.0,1,6.0,,,,298,100.0,100.0,0,0,0,,150,150,,25.00586554621849,9568,100.0,13.353799999999971,17.831600333333363,18.1,0.00027,9.0,16.82,4.6,20261009_125917_s04-noctl
s04-simple-min,simple-min,4,minimum,fdi-simple,on,on,10.0,20.0,0.0,1,0.5,4.066667,4.114235,4.5,298,100.0,95.0,15,0,15,49,150,150,4.033333,25.00586554621849,9568,100.0,13.353800333333332,17.83160033333331,18.11,0.00025,9.25,18.23,5.0,20261009_125923_s04-simple-min
s04-simple-nobdd,simple-nobdd,4,minimum,fdi-simple,off,on,10.0,20.0,0.0,1,5.5,9.033333,9.080901667,9.5,298,100.0,100.0,149,149,0,,150,1,4.033333,25.00586554621849,9568,100.0,13.353799999999971,17.83160033333342,18.1,0.00029,8.45,15.08,9.0,20261009_125929_s04-simple-nobdd
s04-simple-red,simple-red,4,redundant,fdi-simple,on,on,10.0,20.0,0.0,1,0.5,4.066667,4.105718,4.5,298,100.0,100.0,15,0,15,49,150,150,4.033333,97.60057983193275,20332,100.0,13.139400000000023,17.761999999999833,17.96,0.00011,8.24,13.22,5.6,20261009_125946_s04-simple-red
s04-stealthy-min,stealthy-min,4,minimum,fdi-stealthy,on,on,10.0,20.0,0.0,1,0.5,4.066667,4.114235,4.5,298,100.0,100.0,0,0,0,,150,150,,25.00586554621849,9568,100.0,13.353800333333332,17.83160033333331,18.11,0.00025,12.44,17.71,4.8,20261009_125929_s04-stealthy-min
s04-stealthy-red,stealthy-red,4,redundant,fdi-stealthy,on,on,10.0,20.0,0.0,1,0.5,4.066667,4.105718,4.5,298,100.0,100.0,0,0,0,,150,150,,97.60057983193275,20332,100.0,13.139400000000023,17.761999999999833,17.96,0.00011,9.47,18.52,5.4,20261009_125948_s04-stealthy-red
s05-ctl,ctl,5,minimum,none,on,on,10.0,20.0,0.0,1,0.5,4.066667,4.108763,4.5,298,100.0,100.0,0,0,0,,150,150,,26.28065546218487,9568,100.0,12.733600333333317,17.19960033333301,17.88,0.00028,9.01,14.32,4.8,20261009_130032_s05-ctl
s05-delay-min,delay-min,5,minimum,delay,on,on,10.0,20.0,0.0,1,5.5,9.033333,9.075429667,9.5,298,49.7,49.7,0,0,0,,150,150,,26.28065546218487,9568,96.86454849498328,12.55940000000022,17.194799666666594,22.65,0.00027,7.23,11.34,4.2,20261009_130045_s05-delay-min
s05-delay-red,delay-red,5,redundant,delay,on,on,10.0,20.0,0.0,1,0.5,4.066667,4.105093,4.5,298,49.7,49.7,0,0,0,,150,150,,99.61943697478992,20332,96.31123352350974,12.510200333333332,17.134800333333366,22.71,0.0001,9.23,15.57,4.8,20261009_130102_s05-delay-red
s05-drop-min,drop-min,5,minimum,drop,on,on,10.0,20.0,0.0,1,5.5,9.033333,9.075429667,9.5,298,49.7,49.7,0,0,0,,150,150,,26.28065546218487,9568,96.86454849498328,12.558600333333336,17.138399999999443,22.65,0.00027,7.34,13.42,4.4,20261009_130048_s05-drop-min
s05-drop-red,drop-red,5,redundant,drop,on,on,10.0,20.0,0.0,1,0.5,4.066667,4.105093,4.5,298,49.7,49.7,0,0,0,,150,150,,99.61943697478992,20332,96.31123352350974,12.510999999999939,17.13320033333332,22.73,0.0001,6.07,13.17,5.4,20261009_130104_s05-drop-red
s05-lat20,lat20,5,minimum,none,on,on,20.0,20.0,0.0,1,0.5,4.066667,4.117442,4.5,298,33.9,33.9,0,0,0,,150,150,,26.747555555555557,9568,97.33486622073579,22.446199666665834,31.43079999999987,32.39,0.00029,10.09,14.96,4.8,20261009_130115_s05-lat20
s05-lat40,lat40,5,minimum,none,on,on,40.0,20.0,0.0,1,6.0,,,,297,0.0,0.0,0,0,0,,150,150,,nan,9568,49.64464882943144,32.270599666666676,41.93299999999933,42.62,0.0087,8.18,13.2,4.4,20261009_130117_s05-lat40
s05-lat40-w10,lat40-w10,5,minimum,none,on,on,40.0,10.0,0.0,1,6.0,,,,298,0.0,0.0,0,0,0,,150,150,,nan,9568,26.923076923076923,24.913799999999988,32.273800333332936,32.62,0.01478,6.33,12.23,4.2,20261009_130123_s05-lat40-w10
s05-lat40-w40,lat40-w40,5,minimum,none,on,on,40.0,40.0,0.0,1,0.5,4.1,4.168128333,4.5,297,62.0,62.0,0,0,0,,150,150,,26.46892,9568,98.48453177257525,42.753000333333624,61.14299966666614,62.37,0.00029,10.4,25.99,5.2,20261009_130128_s05-lat40-w40
s05-lat40-w60,lat40-w60,5,minimum,none,on,on,40.0,60.0,0.0,1,0.5,4.1,4.168128333,4.5,297,100.0,100.0,0,0,0,,150,150,,26.28065546218487,9568,99.66555183946488,42.931400333333315,61.14619966666712,62.63,0.00028,7.43,15.08,5.2,20261009_130129_s05-lat40-w60
s05-lat40-w80,lat40-w80,5,minimum,none,on,on,40.0,80.0,0.0,1,0.5,4.1,4.168128333,4.5,297,100.0,100.0,0,0,0,,150,150,,26.28065546218487,9568,99.66555183946488,42.931400333333315,61.14619966666712,62.63,0.00028,8.29,13.94,4.6,20261009_130134_s05-lat40-w80
s05-lat5,lat5,5,minimum,none,on,on,5.0,20.0,0.0,1,0.5,4.066667,4.104423,4.5,298,100.0,100.0,0,0,0,,150,150,,26.28065546218487,9568,100.0,7.8853996666667925,10.222600333332998,10.54,0.00028,9.23,16.22,4.6,20261009_130111_s05-lat5
s05-lat80,lat80,5,minimum,none,on,on,80.0,20.0,0.0,1,6.0,,,,297,0.0,0.0,0,0,0,,150,150,,nan,9568,28.0309364548495,47.070399666666596,62.03460033333297,62.72,0.01595,9.03,19.14,4.6,20261009_130122_s05-lat80
s05-loss5-min,loss5-min,5,minimum,none,on,on,10.0,20.0,0.05,1,0.5,4.066667,4.108763,4.5,298,22.5,22.5,0,0,0,,150,150,,25.263521739130436,9568,95.31772575250837,12.733600333332262,17.19960033333301,25.25,0.00031,10.01,14.78,5.4,20261009_130051_s05-loss5-min
s05-loss5-red,loss5-red,5,redundant,none,on,on,10.0,20.0,0.05,1,0.5,4.066667,4.105093,4.5,298,2.0,86.2,0,0,0,,150,150,,92.3374081632653,20332,95.06688963210702,12.509399999999893,17.199600333333454,27.11,0.00014,8.48,13.86,5.6,20261009_130108_s05-loss5-red
s05-noctl,noctl,5,minimum,none,on,off,10.0,20.0,0.0,1,6.0,,,,298,100.0,100.0,0,0,0,,150,150,,26.28065546218487,9568,100.0,12.733600000000678,17.200399666666755,17.88,0.00027,7.3,13.06,4.4,20261009_130026_s05-noctl
s05-simple-min,simple-min,5,minimum,fdi-simple,on,on,10.0,20.0,0.0,1,0.5,4.066667,4.108763,4.5,298,100.0,95.0,15,0,15,49,150,150,4.033333,26.28065546218487,9568,100.0,12.733600333333317,17.19960033333301,17.88,0.00024,7.91,14.41,5.2,20261009_130032_s05-simple-min
s05-simple-nobdd,simple-nobdd,5,minimum,fdi-simple,off,on,10.0,20.0,0.0,1,5.5,9.033333,9.075429667,9.5,298,100.0,100.0,149,149,0,,150,1,4.033333,26.28065546218487,9568,100.0,12.733600000000678,17.200399666666755,17.88,0.00027,7.0,13.92,8.4,20261009_130038_s05-simple-nobdd
s05-simple-red,simple-red,5,redundant,fdi-simple,on,on,10.0,20.0,0.0,1,0.5,4.066667,4.105093,4.5,298,100.0,100.0,15,0,15,49,150,150,4.033333,99.61943697478992,20332,100.0,12.493000333333448,17.19960033333301,18.03,0.0001,12.06,18.11,5.8,20261009_130054_s05-simple-red
s05-stealthy-min,stealthy-min,5,minimum,fdi-stealthy,on,on,10.0,20.0,0.0,1,0.5,4.066667,4.108763,4.5,298,100.0,100.0,0,0,0,,150,150,,26.28065546218487,9568,100.0,12.733600333333317,17.19960033333301,17.88,0.00024,8.51,13.45,4.8,20261009_130038_s05-stealthy-min
s05-stealthy-red,stealthy-red,5,redundant,fdi-stealthy,on,on,10.0,20.0,0.0,1,0.5,4.066667,4.105093,4.5,298,100.0,100.0,0,0,0,,150,150,,99.61943697478992,20332,100.0,12.493000333333448,17.19959999999965,18.03,0.0001,7.82,11.95,4.8,20261009_130058_s05-stealthy-red
s06-ctl,ctl,6,minimum,none,on,on,10.0,20.0,0.0,1,0.5,4.066667,4.113082,4.5,298,100.0,100.0,0,0,0,,150,150,,24.67203361344538,9568,100.0,12.535399999999974,16.967199666666488,17.86,0.00028,7.1,14.99,4.8,20261009_130140_s06-ctl
s06-delay-min,delay-min,6,minimum,delay,on,on,10.0,20.0,0.0,1,5.5,9.033333,9.079748667,9.5,298,49.7,49.7,0,0,0,,150,150,,24.67203361344538,9568,96.86454849498328,12.31939966666662,16.908400000000157,22.77,0.00028,7.49,12.83,4.4,20261009_130154_s06-delay-min
s06-delay-red,delay-red,6,redundant,delay,on,on,10.0,20.0,0.0,1,0.5,4.066667,4.109843,4.5,298,49.7,49.7,0,0,0,,150,150,,97.96665546218489,20332,96.31123352350974,12.605599999999662,17.043999666666643,22.67,0.0001,7.45,14.29,5.0,20261009_130210_s06-delay-red
s06-drop-min,drop-min,6,minimum,drop,on,on,10.0,20.0,0.0,1,5.5,9.033333,9.079748667,9.5,298,49.7,49.7,0,0,0,,150,150,,24.67203361344538,9568,96.86454849498328,12.321000333333387,16.908400000000157,22.81,0.00028,7.59,12.13,4.2,20261009_130156_s06-drop-min
s06-drop-red,drop-red,6,redundant,drop,on,on,10.0,20.0,0.0,1,0.5,4.066667,4.109843,4.5,298,49.7,49.7,0,0,0,,150,150,,97.96665546218489,20332,96.31123352350974,12.604800000000083,17.043199999999814,22.69,0.0001,7.37,18.33,5.0,20261009_130214_s06-drop-red
s06-lat20,lat20,6,minimum,none,on,on,20.0,20.0,0.0,1,0.5,4.066667,4.126079,4.5,298,59.1,59.1,0,0,0,,150,150,,24.914516666666664,9568,98.34866220735786,22.03859966666677,30.569600333334,32.5,0.00029,5.79,10.72,4.2,20261009_130223_s06-lat20
s06-lat40,lat40,6,minimum,none,on,on,40.0,20.0,0.0,1,6.0,,,,297,0.0,0.0,0,0,0,,150,150,,nan,9568,52.16346153846154,30.765800000001065,40.83319966666643,43.04,0.00938,7.31,12.69,4.2,20261009_130227_s06-lat40
s06-lat40-w10,lat40-w10,6,minimum,none,on,on,40.0,10.0,0.0,1,6.0,,,,298,0.0,0.0,0,0,0,,150,150,,nan,9568,28.125,27.453399666666378,31.508400000000325,33.04,0.0159,10.19,18.7,4.6,20261009_130232_s06-lat40-w10
s06-lat40-w40,lat40-w40,6,minimum,none,on,on,40.0,40.0,0.0,1,0.5,4.1,4.185404333,4.5,297,74.4,74.4,0,0,0,,150,150,,24.549558139534884,9568,98.87123745819397,40.83240000000021,61.32780000000038,62.37,0.00029,7.48,13.6,4.6,20261009_130235_s06-lat40-w40
s06-lat40-w60,lat40-w60,6,minimum,none,on,on,40.0,60.0,0.0,1,0.5,4.1,4.185404333,4.5,297,100.0,100.0,0,0,0,,150,150,,24.67203361344538,9568,99.66555183946488,42.22779966666668,61.32940033333334,62.42,0.00028,7.38,18.12,5.0,20261009_130239_s06-lat40-w60
s06-lat40-w80,lat40-w80,6,minimum,none,on,on,40.0,80.0,0.0,1,0.5,4.1,4.185404333,4.5,297,100.0,100.0,0,0,0,,150,150,,24.67203361344538,9568,99.66555183946488,42.22779966666668,61.32940033333334,62.42,0.00028,6.24,13.28,5.2,20261009_130241_s06-lat40-w80
s06-lat5,lat5,6,minimum,none,on,on,5.0,20.0,0.0,1,0.5,4.066667,4.106583,4.5,298,100.0,100.0,0,0,0,,150,150,,24.67203361344538,9568,100.0,7.486599666666649,10.077400333333486,10.51,0.00028,7.19,12.71,4.4,20261009_130221_s06-lat5
s06-lat80,lat80,6,minimum,none,on,on,80.0,20.0,0.0,1,6.0,,,,297,0.0,0.0,0,0,0,,150,150,,nan,9568,28.0309364548495,52.02300033333307,59.80540000000012,63.4,0.0159,7.7,14.34,4.4,20261009_130229_s06-lat80
s06-loss5-min,loss5-min,6,minimum,none,on,on,10.0,20.0,0.05,1,0.5,4.066667,4.113082,4.5,298,19.1,19.1,0,0,0,,150,150,,24.138291666666664,9568,95.2445652173913,12.535399666666613,16.967199666666488,25.74,0.0003,7.42,13.65,5.0,20261009_130200_s06-loss5-min
s06-loss5-red,loss5-red,6,redundant,none,on,on,10.0,20.0,0.05,1,0.5,4.066667,4.109843,4.5,298,2.3,84.6,0,0,0,,150,150,,90.45333663366335,20332,95.02262443438914,12.603200000000037,17.044799666666943,27.15,0.00014,8.25,13.67,5.2,20261009_130216_s06-loss5-red
s06-noctl,noctl,6,minimum,none,on,off,10.0,20.0,0.0,1,6.0,,,,298,100.0,100.0,0,0,0,,150,150,,24.67203361344538,9568,100.0,12.535399666666613,16.96640033333363,17.86,0.00027,7.63,16.37,4.4,20261009_130136_s06-noctl
s06-simple-min,simple-min,6,minimum,fdi-simple,on,on,10.0,20.0,0.0,1,0.5,4.066667,4.113082,4.5,298,100.0,95.0,15,0,15,49,150,150,4.033333,24.67203361344538,9568,100.0,12.535399999999974,16.967199666666488,17.86,0.00024,6.62,13.59,4.8,20261009_130142_s06-simple-min
s06-simple-nobdd,simple-nobdd,6,minimum,fdi-simple,off,on,10.0,20.0,0.0,1,5.5,9.033333,9.079748667,9.5,298,100.0,100.0,149,149,0,,150,1,4.033333,24.67203361344538,9568,100.0,12.535399666666613,16.96640033333452,17.86,0.00028,6.42,15.69,7.8,20261009_130147_s06-simple-nobdd
s06-simple-red,simple-red,6,redundant,fdi-simple,on,on,10.0,20.0,0.0,1,0.5,4.066667,4.109843,4.5,298,100.0,100.0,15,0,15,49,150,150,4.033333,97.96665546218489,20332,100.0,12.603200333333398,17.044800000000304,17.96,0.0001,7.45,13.57,6.2,20261009_130202_s06-simple-red
s06-stealthy-min,stealthy-min,6,minimum,fdi-stealthy,on,on,10.0,20.0,0.0,1,0.5,4.066667,4.113082,4.5,298,100.0,100.0,0,0,0,,150,150,,24.67203361344538,9568,100.0,12.535399999999974,16.967199666666488,17.86,0.00024,9.1,15.53,4.6,20261009_130148_s06-stealthy-min
s06-stealthy-red,stealthy-red,6,redundant,fdi-stealthy,on,on,10.0,20.0,0.0,1,0.5,4.066667,4.109843,4.5,298,100.0,100.0,0,0,0,,150,150,,97.96665546218489,20332,100.0,12.603200333333398,17.044800000000304,17.96,0.0001,8.49,16.89,5.6,20261009_130207_s06-stealthy-red
s07-ctl,ctl,7,minimum,none,on,on,10.0,20.0,0.0,1,0.5,4.066667,4.105677,4.5,298,100.0,100.0,0,0,0,,150,150,,25.386000000000003,9568,100.0,12.825399999999654,17.235800333333273,17.95,0.00028,8.76,13.48,4.8,20261009_130248_s07-ctl
s07-delay-min,delay-min,7,minimum,delay,on,on,10.0,20.0,0.0,1,5.5,9.033333,9.072343667,9.5,298,49.7,49.7,0,0,0,,150,150,,25.386000000000003,9568,96.86454849498328,12.840399999999974,17.23659966666702,22.72,0.00028,10.39,17.09,5.2,20261009_130305_s07-delay-min
s07-delay-red,delay-red,7,redundant,delay,on,on,10.0,20.0,0.0,1,0.5,4.066667,4.109194,4.5,298,49.7,49.7,0,0,0,,150,150,,98.8351680672269,20332,96.31123352350974,12.322800333333106,17.09820033333287,22.68,0.0001,9.5,16.04,4.8,20261009_130319_s07-delay-red
s07-drop-min,drop-min,7,minimum,drop,on,on,10.0,20.0,0.0,1,5.5,9.033333,9.072343667,9.5,298,49.7,49.7,0,0,0,,150,150,,25.386000000000003,9568,96.86454849498328,12.841199666666192,17.235800333333273,22.73,0.00028,7.89,12.77,4.9,20261009_130306_s07-drop-min
s07-drop-red,drop-red,7,redundant,drop,on,on,10.0,20.0,0.0,1,0.5,4.066667,4.109194,4.5,298,49.7,49.7,0,0,0,,150,150,,98.8351680672269,20332,96.31123352350974,12.322000000001054,17.098200333333757,22.68,0.0001,8.75,21.6,5.5,20261009_130325_s07-drop-red
s07-lat20,lat20,7,minimum,none,on,on,20.0,20.0,0.0,1,0.5,4.066667,4.111269,4.5,298,47.7,47.7,0,0,0,,150,150,,25.990696969696973,9568,97.7633779264214,22.567000000000004,31.587799666667138,32.52,0.00028,8.05,14.55,4.6,20261009_130333_s07-lat20
s07-lat40,lat40,7,minimum,none,on,on,40.0,20.0,0.0,1,0.5,4.1,4.155783333,4.5,297,0.0,0.0,0,0,0,,150,150,,nan,9568,48.24414715719063,33.40699999999997,42.6643999999996,42.83,0.00794,9.01,15.74,4.8,20261009_130338_s07-lat40
s07-lat40-w10,lat40-w10,7,minimum,none,on,on,40.0,10.0,0.0,1,6.0,,,,298,0.0,0.0,0,0,0,,150,150,,nan,9568,21.61371237458194,28.65280033333395,32.406999666666714,32.82,0.01626,10.9,18.45,4.4,20261009_130344_s07-lat40-w10
s07-lat40-w40,lat40-w40,7,minimum,none,on,on,40.0,40.0,0.0,1,0.5,4.1,4.155783333,4.5,297,63.6,63.6,0,0,0,,150,150,,25.720352941176476,9568,98.16053511705685,42.80980033333304,59.93340000000025,62.52,0.00028,7.94,15.88,4.4,20261009_130345_s07-lat40-w40
s07-lat40-w60,lat40-w60,7,minimum,none,on,on,40.0,60.0,0.0,1,0.5,4.1,4.155783333,4.5,297,100.0,100.0,0,0,0,,150,150,,25.386000000000003,9568,99.66555183946488,42.81219966666639,61.76759999999959,62.74,0.00028,9.13,13.35,4.2,20261009_130350_s07-lat40-w60
s07-lat40-w80,lat40-w80,7,minimum,none,on,on,40.0,80.0,0.0,1,0.5,4.1,4.155783333,4.5,297,100.0,100.0,0,0,0,,150,150,,25.386000000000003,9568,99.66555183946488,42.81219966666639,61.76759999999959,62.74,0.00028,7.56,11.79,4.2,20261009_130351_s07-lat40-w80
s07-lat5,lat5,7,minimum,none,on,on,5.0,20.0,0.0,1,0.5,4.066667,4.10288,4.5,298,100.0,100.0,0,0,0,,150,150,,25.386000000000003,9568,100.0,7.791599666666649,10.22599966666693,10.58,0.00028,9.87,16.31,4.8,20261009_130332_s07-lat5
s07-lat80,lat80,7,minimum,none,on,on,80.0,20.0,0.0,1,6.0,,,,297,0.0,0.0,0,0,0,,150,150,,nan,9568,21.540551839464882,55.06180033333408,62.601999666666686,63.04,0.01625,8.53,14.44,4.5,20261009_130339_s07-lat80
s07-loss5-min,loss5-min,7,minimum,none,on,on,10.0,20.0,0.05,1,0.5,4.066667,4.105677,4.5,298,20.8,20.8,0,0,0,,150,150,,26.29025,9568,95.1086956521739,12.825399999999988,17.236599666666656,25.53,0.00031,8.39,16.85,5.2,20261009_130312_s07-loss5-min
s07-loss5-red,loss5-red,7,redundant,none,on,on,10.0,20.0,0.05,1,0.5,4.066667,4.109194,4.5,298,3.0,86.2,0,0,0,,150,150,,91.73406730769231,20332,95.16033838284477,12.54859966666666,17.097400333333333,27.0,0.00014,7.44,14.71,5.2,20261009_130326_s07-loss5-red
s07-noctl,noctl,7,minimum,none,on,off,10.0,20.0,0.0,1,6.0,,,,298,100.0,100.0,0,0,0,,150,150,,25.386000000000003,9568,100.0,12.825399666667181,17.235799666666995,17.95,0.00026,7.12,13.01,4.6,20261009_130246_s07-noctl
s07-simple-min,simple-min,7,minimum,fdi-simple,on,on,10.0,20.0,0.0,1,0.5,4.066667,4.105677,4.5,298,100.0,95.0,15,0,15,49,150,150,4.033333,25.386000000000003,9568,100.0,12.825399999999654,17.235800333333273,17.95,0.00025,8.38,14.76,5.8,20261009_130252_s07-simple-min
s07-simple-nobdd,simple-nobdd,7,minimum,fdi-simple,off,on,10.0,20.0,0.0,1,5.5,9.033333,9.072343667,9.5,298,100.0,100.0,149,149,0,,150,1,4.033333,25.386000000000003,9568,100.0,12.825399666667181,17.235799999999912,17.95,0.00028,9.24,15.51,9.0,20261009_130254_s07-simple-nobdd
s07-simple-red,simple-red,7,redundant,fdi-simple,on,on,10.0,20.0,0.0,1,0.5,4.066667,4.109194,4.5,298,100.0,100.0,15,0,15,49,150,150,4.033333,98.8351680672269,20332,100.0,12.547800000000109,17.097399666667457,17.99,0.0001,7.61,15.23,5.6,20261009_130312_s07-simple-red
s07-stealthy-min,stealthy-min,7,minimum,fdi-stealthy,on,on,10.0,20.0,0.0,1,0.5,4.066667,4.105677,4.5,298,100.0,100.0,0,0,0,,150,150,,25.386000000000003,9568,100.0,12.825399999999654,17.235800333333273,17.95,0.00025,8.87,14.58,4.8,20261009_130259_s07-stealthy-min
s07-stealthy-red,stealthy-red,7,redundant,fdi-stealthy,on,on,10.0,20.0,0.0,1,0.5,4.066667,4.109194,4.5,298,100.0,100.0,0,0,0,,150,150,,98.8351680672269,20332,100.0,12.547800000000109,17.097399666667457,17.99,0.0001,8.36,16.62,5.0,20261009_130318_s07-stealthy-red
s08-ctl,ctl,8,minimum,none,on,on,10.0,20.0,0.0,1,0.5,4.066667,4.110734,4.5,298,100.0,100.0,0,0,0,,150,150,,25.372378151260502,9568,100.0,11.447600000000335,16.946200333333827,17.6,0.00028,7.68,12.55,4.6,20261009_130357_s08-ctl
s08-delay-min,delay-min,8,minimum,delay,on,on,10.0,20.0,0.0,1,5.5,9.033333,9.077400667,9.5,298,49.7,49.7,0,0,0,,150,150,,25.372378151260502,9568,96.86454849498328,11.447600000000335,16.947000333333406,22.76,0.00029,7.61,14.26,4.0,20261009_130412_s08-delay-min
s08-delay-red,delay-red,8,redundant,delay,on,on,10.0,20.0,0.0,1,0.5,4.066667,4.106661,4.5,298,49.7,49.7,0,0,0,,150,150,,99.01968067226893,20332,96.31123352350974,11.742200000000036,16.840600000000094,22.9,0.00011,7.66,15.57,5.4,20261009_130429_s08-delay-red
s08-drop-min,drop-min,8,minimum,drop,on,on,10.0,20.0,0.0,1,5.5,9.033333,9.077400667,9.5,298,49.7,49.7,0,0,0,,150,150,,25.372378151260502,9568,96.86454849498328,11.447599666666974,16.947000333333406,22.78,0.00029,7.23,11.24,4.0,20261009_130415_s08-drop-min
s08-drop-red,drop-red,8,redundant,drop,on,on,10.0,20.0,0.0,1,0.5,4.066667,4.106661,4.5,298,49.7,49.7,0,0,0,,150,150,,99.01968067226893,20332,96.31123352350974,11.74059999999999,16.840600000000094,22.89,0.00011,6.6,12.02,4.8,20261009_130431_s08-drop-red
s08-lat20,lat20,8,minimum,none,on,on,20.0,20.0,0.0,1,0.5,4.066667,4.121385,4.5,298,75.5,75.5,0,0,0,,150,150,,25.269953488372092,9568,99.22658862876254,20.60480000000009,30.643600333333353,32.32,0.00029,10.0,16.35,5.2,20261009_130442_s08-lat20
s08-lat40,lat40,8,minimum,none,on,on,40.0,20.0,0.0,1,0.5,4.1,4.176014333,4.5,297,0.0,0.0,0,0,0,,150,150,,nan,9568,68.5200668896321,34.8829996666673,41.305400333333964,43.33,0.00488,8.53,14.89,4.6,20261009_130443_s08-lat40
s08-lat40-w10,lat40-w10,8,minimum,none,on,on,40.0,10.0,0.0,1,0.5,4.066667,4.142685,4.5,297,0.0,0.0,0,0,0,,150,150,,nan,9568,30.152591973244146,30.408400333333585,33.51779999999982,33.33,0.01348,8.76,17.42,4.8,20261009_130449_s08-lat40-w10
s08-lat40-w40,lat40-w40,8,minimum,none,on,on,40.0,40.0,0.0,1,0.5,4.1,4.176014333,4.5,297,100.0,100.0,0,0,0,,150,150,,25.372378151260502,9568,99.66555183946488,38.163799666666165,58.63479966666585,62.16,0.00028,8.05,13.58,5.2,20261009_130455_s08-lat40-w40
s08-lat40-w60,lat40-w60,8,minimum,none,on,on,40.0,60.0,0.0,1,0.5,4.1,4.176014333,4.5,297,100.0,100.0,0,0,0,,150,150,,25.372378151260502,9568,99.66555183946488,38.163799666666165,58.63479966666585,62.16,0.00028,9.5,15.92,5.2,20261009_130456_s08-lat40-w60
s08-lat40-w80,lat40-w80,8,minimum,none,on,on,40.0,80.0,0.0,1,0.5,4.1,4.176014333,4.5,297,100.0,100.0,0,0,0,,150,150,,25.372378151260502,9568,99.66555183946488,38.163799666666165,58.63479966666585,62.16,0.00028,8.63,13.99,4.6,20261009_130502_s08-lat40-w80
s08-lat5,lat5,8,minimum,none,on,on,5.0,20.0,0.0,1,0.5,4.066667,4.105409,4.5,298,100.0,100.0,0,0,0,,150,150,,25.372378151260502,9568,100.0,7.232399666667,10.049000000000419,10.36,0.00028,9.66,14.43,4.6,20261009_130437_s08-lat5
s08-lat80,lat80,8,minimum,none,on,on,80.0,20.0,0.0,1,0.5,4.1,4.218615333,4.5,297,0.0,0.0,0,0,0,,150,150,,nan,9568,29.368729096989966,57.686600000000254,62.84879999999937,64.0,0.01433,9.91,17.3,4.8,20261009_130449_s08-lat80
s08-loss5-min,loss5-min,8,minimum,none,on,on,10.0,20.0,0.05,1,0.5,4.066667,4.110734,4.5,298,19.8,19.8,0,0,0,,150,150,,24.13604347826087,9568,95.02508361204013,11.518199999999979,16.946999666666663,25.82,0.00031,8.45,16.28,4.8,20261009_130418_s08-loss5-min
s08-loss5-red,loss5-red,8,redundant,none,on,on,10.0,20.0,0.05,1,0.5,4.066667,4.106661,4.5,298,2.7,85.6,0,0,0,,150,150,,92.47589690721652,20332,94.9242573283494,11.743000000000059,16.911600333333332,27.36,0.00014,8.57,20.64,5.6,20261009_130435_s08-loss5-red
s08-noctl,noctl,8,minimum,none,on,off,10.0,20.0,0.0,1,6.0,,,,298,100.0,100.0,0,0,0,,150,150,,25.372378151260502,9568,100.0,11.447600000000335,16.946200333333326,17.6,0.00027,9.3,15.09,5.0,20261009_130356_s08-noctl
s08-simple-min,simple-min,8,minimum,fdi-simple,on,on,10.0,20.0,0.0,1,0.5,4.066667,4.110734,4.5,298,100.0,95.0,15,0,15,49,150,150,4.033333,25.372378151260502,9568,100.0,11.447600000000335,16.946200333333827,17.6,0.00026,10.6,18.59,5.0,20261009_130402_s08-simple-min
s08-simple-nobdd,simple-nobdd,8,minimum,fdi-simple,off,on,10.0,20.0,0.0,1,5.5,9.033333,9.077400667,9.5,298,100.0,100.0,149,149,0,,150,1,4.033333,25.372378151260502,9568,100.0,11.447600000000335,16.94620033333294,17.6,0.00029,9.39,15.18,7.8,20261009_130403_s08-simple-nobdd
s08-simple-red,simple-red,8,redundant,fdi-simple,on,on,10.0,20.0,0.0,1,0.5,4.066667,4.106661,4.5,298,100.0,100.0,15,0,15,49,150,150,4.033333,99.01968067226893,20332,100.0,11.743000000000059,16.911599666666888,17.9,0.00011,8.5,15.03,7.0,20261009_130420_s08-simple-red
s08-stealthy-min,stealthy-min,8,minimum,fdi-stealthy,on,on,10.0,20.0,0.0,1,0.5,4.066667,4.110734,4.5,298,100.0,100.0,0,0,0,,150,150,,25.372378151260502,9568,100.0,11.447600000000335,16.946200333333827,17.6,0.00026,5.87,12.54,4.5,20261009_130409_s08-stealthy-min
s08-stealthy-red,stealthy-red,8,redundant,fdi-stealthy,on,on,10.0,20.0,0.0,1,0.5,4.066667,4.106661,4.5,298,100.0,100.0,0,0,0,,150,150,,99.01968067226893,20332,100.0,11.743000000000059,16.91160033333361,17.9,0.00011,7.61,12.36,4.8,20261009_130425_s08-stealthy-red
s09-ctl,ctl,9,minimum,none,on,on,10.0,20.0,0.0,1,0.5,4.066667,4.112749,4.5,298,100.0,100.0,0,0,0,,150,150,,25.78454621848739,9568,100.0,14.990000000000059,17.433199999999704,18.17,0.00029,8.64,13.7,5.0,20261009_130508_s09-ctl
s09-delay-min,delay-min,9,minimum,delay,on,on,10.0,20.0,0.0,1,5.5,9.033333,9.079415667,9.5,298,49.7,49.7,0,0,0,,150,150,,25.78454621848739,9568,96.86454849498328,14.614999666666684,17.430799999999635,22.82,0.00029,7.65,15.2,4.6,20261009_130523_s09-delay-min
s09-delay-red,delay-red,9,redundant,delay,on,on,10.0,20.0,0.0,1,0.5,4.066667,4.105478,4.5,298,49.7,49.7,0,0,0,,150,150,,98.48289075630252,20332,96.31123352350974,13.50460033333345,17.494799666666673,22.7,0.0001,6.93,17.87,5.2,20261009_130538_s09-delay-red
s09-drop-min,drop-min,9,minimum,drop,on,on,10.0,20.0,0.0,1,5.5,9.033333,9.079415667,9.5,298,49.7,49.7,0,0,0,,150,150,,25.78454621848739,9568,96.86454849498328,14.614199666667105,17.430000333333417,22.87,0.00029,8.23,12.6,4.4,20261009_130525_s09-drop-min
s09-drop-red,drop-red,9,redundant,drop,on,on,10.0,20.0,0.0,1,0.5,4.066667,4.105478,4.5,298,49.7,49.7,0,0,0,,150,150,,98.48289075630252,20332,96.31123352350974,13.505400000000002,17.2743999999998,22.7,0.0001,7.92,14.08,5.0,20261009_130542_s09-drop-red
s09-lat20,lat20,9,minimum,none,on,on,20.0,20.0,0.0,1,0.5,4.066667,4.125413,4.5,298,28.2,28.2,0,0,0,,150,150,,25.839307692307695,9568,96.09113712374582,27.019000000000126,32.066200000000045,32.54,0.00034,6.03,11.34,4.4,20261009_130552_s09-lat20
s09-lat40,lat40,9,minimum,none,on,on,40.0,20.0,0.0,1,6.0,,,,297,0.0,0.0,0,0,0,,150,150,,nan,9568,33.46571906354515,34.14300000000026,41.61079966666659,42.86,0.01421,8.55,16.08,4.7,20261009_130555_s09-lat40
s09-lat40-w10,lat40-w10,9,minimum,none,on,on,40.0,10.0,0.0,1,6.0,,,,298,0.0,0.0,0,0,0,,150,150,,nan,9568,12.792642140468228,24.879599666666863,26.83540033333287,32.86,0.01929,9.19,15.84,4.4,20261009_130601_s09-lat40-w10
s09-lat40-w40,lat40-w40,9,minimum,none,on,on,40.0,40.0,0.0,1,0.5,4.1,4.184072333,4.5,297,54.9,54.9,0,0,0,,150,150,,25.65604225352113,9568,97.17809364548495,51.42579966666627,61.81119999999996,62.54,0.00032,7.72,12.84,4.2,20261009_130603_s09-lat40-w40
s09-lat40-w60,lat40-w60,9,minimum,none,on,on,40.0,60.0,0.0,1,0.5,4.1,4.184072333,4.5,297,100.0,100.0,0,0,0,,150,150,,25.78454621848739,9568,99.66555183946488,51.50640000000006,61.82440033333414,62.71,0.00029,7.95,15.2,4.6,20261009_130607_s09-lat40-w60
s09-lat40-w80,lat40-w80,9,minimum,none,on,on,40.0,80.0,0.0,1,0.5,4.1,4.184072333,4.5,297,100.0,100.0,0,0,0,,150,150,,25.78454621848739,9568,99.66555183946488,51.50640000000006,61.82440033333414,62.71,0.00029,6.81,12.5,4.2,20261009_130609_s09-lat40-w80
s09-lat5,lat5,9,minimum,none,on,on,5.0,20.0,0.0,1,0.5,4.066667,4.106416,4.5,298,100.0,100.0,0,0,0,,150,150,,25.78454621848739,9568,100.0,8.656799666667325,10.35620000000037,10.78,0.00029,7.28,13.42,4.7,20261009_130549_s09-lat5
s09-lat80,lat80,9,minimum,none,on,on,80.0,20.0,0.0,1,6.0,,,,297,0.0,0.0,0,0,0,,150,150,,nan,9568,12.45819397993311,47.482399999999814,50.423600333333596,63.16,0.01973,6.93,11.52,4.0,20261009_130557_s09-lat80
s09-loss5-min,loss5-min,9,minimum,none,on,on,10.0,20.0,0.05,1,0.5,4.066667,4.112749,4.5,298,22.5,22.5,0,0,0,,150,150,,25.90061904761905,9568,95.00418060200668,14.990000333333365,17.43320000000015,25.42,0.00031,8.65,14.36,5.3,20261009_130529_s09-loss5-min
s09-loss5-red,loss5-red,9,redundant,none,on,on,10.0,20.0,0.05,1,0.5,4.066667,4.105478,4.5,298,4.0,85.2,0,0,0,,150,150,,91.00494117647058,20332,95.2636238441865,13.610599666666445,17.496400333333106,26.93,0.00014,6.31,19.63,5.2,20261009_130545_s09-loss5-red
s09-noctl,noctl,9,minimum,none,on,off,10.0,20.0,0.0,1,6.0,,,,298,100.0,100.0,0,0,0,,150,150,,25.78454621848739,9568,100.0,14.990799666666721,17.433199666666788,18.17,0.00027,9.96,15.35,4.6,20261009_130502_s09-noctl
s09-simple-min,simple-min,9,minimum,fdi-simple,on,on,10.0,20.0,0.0,1,0.5,4.066667,4.112749,4.5,298,100.0,95.0,15,0,15,49,150,150,4.033333,25.78454621848739,9568,100.0,14.990000000000059,17.433199999999704,18.17,0.00026,9.07,13.84,5.2,20261009_130509_s09-simple-min
s09-simple-nobdd,simple-nobdd,9,minimum,fdi-simple,off,on,10.0,20.0,0.0,1,5.5,9.033333,9.079415667,9.5,298,100.0,100.0,149,149,0,,150,1,4.033333,25.78454621848739,9568,100.0,14.990799666666277,17.433199666666788,18.17,0.00029,8.95,15.47,8.6,20261009_130515_s09-simple-nobdd
s09-simple-red,simple-red,9,redundant,fdi-simple,on,on,10.0,20.0,0.0,1,0.5,4.066667,4.105478,4.5,298,100.0,100.0,15,0,15,49,150,150,4.033333,98.48289075630252,20332,100.0,13.506200333333496,17.496399999999966,18.06,0.0001,7.8,17.34,6.0,20261009_130531_s09-simple-red
s09-stealthy-min,stealthy-min,9,minimum,fdi-stealthy,on,on,10.0,20.0,0.0,1,0.5,4.066667,4.112749,4.5,298,100.0,100.0,0,0,0,,150,150,,25.78454621848739,9568,100.0,14.990000000000059,17.433199999999704,18.17,0.00026,13.15,18.41,5.0,20261009_130515_s09-stealthy-min
s09-stealthy-red,stealthy-red,9,redundant,fdi-stealthy,on,on,10.0,20.0,0.0,1,0.5,4.066667,4.105478,4.5,298,100.0,100.0,0,0,0,,150,150,,98.48289075630252,20332,100.0,13.506200333333496,17.496399999999966,18.06,0.0001,7.99,18.93,5.2,20261009_130536_s09-stealthy-red
s10-ctl,ctl,10,minimum,none,on,on,10.0,20.0,0.0,1,0.5,4.066667,4.114955,4.5,298,100.0,100.0,0,0,0,,150,150,,25.596663865546212,9568,100.0,13.373600000001318,17.479599999999706,17.85,0.00029,6.28,11.91,4.2,20261009_130615_s10-ctl
s10-delay-min,delay-min,10,minimum,delay,on,on,10.0,20.0,0.0,1,5.5,9.033333,9.081621667,9.5,298,49.7,49.7,0,0,0,,150,150,,25.596663865546212,9568,96.86454849498328,13.30219966666668,17.71059966666666,23.28,0.00029,7.08,13.54,4.7,20261009_130630_s10-delay-min
s10-delay-red,delay-red,10,redundant,delay,on,on,10.0,20.0,0.0,1,0.5,4.066667,4.108621,4.5,298,49.7,49.7,0,0,0,,150,150,,98.09859663865545,20332,96.31123352350974,13.145599666666286,17.01580033333272,23.05,0.00011,6.7,15.44,4.6,20261009_130645_s10-delay-red
s10-drop-min,drop-min,10,minimum,drop,on,on,10.0,20.0,0.0,1,5.5,9.033333,9.081621667,9.5,298,49.7,49.7,0,0,0,,150,150,,25.596663865546212,9568,96.86454849498328,13.30219966666668,17.712999666666672,23.29,0.00029,7.43,14.77,4.4,20261009_130632_s10-drop-min
s10-drop-red,drop-red,10,redundant,drop,on,on,10.0,20.0,0.0,1,0.5,4.066667,4.108621,4.5,298,49.7,49.7,0,0,0,,150,150,,98.09859663865545,20332,96.31123352350974,13.146400333333474,17.016600333333187,23.03,0.00011,7.23,14.82,5.0,20261009_130648_s10-drop-red
s10-lat20,lat20,10,minimum,none,on,on,20.0,20.0,0.0,1,0.5,4.066667,4.129826,4.5,298,100.0,100.0,0,0,0,,150,150,,25.596663865546212,9568,100.0,23.722199666666555,31.814599999999693,32.47,0.00029,6.54,12.33,4.0,20261009_130657_s10-lat20
s10-lat40,lat40,10,minimum,none,on,on,40.0,20.0,0.0,1,6.0,,,,297,0.0,0.0,0,0,0,,150,150,,nan,9568,56.061872909699,34.560199666666676,46.478999666666354,47.85,0.01052,7.19,17.16,4.7,20261009_130701_s10-lat40
s10-lat40-w10,lat40-w10,10,minimum,none,on,on,40.0,10.0,0.0,1,6.0,,,,297,0.0,0.0,0,0,0,,150,150,,nan,9568,40.48913043478261,32.13500033333361,36.496599666666185,37.85,0.01304,8.68,16.72,4.4,20261009_130707_s10-lat40-w10
s10-lat40-w40,lat40-w40,10,minimum,none,on,on,40.0,40.0,0.0,1,0.5,4.1,4.192898333,4.5,297,100.0,100.0,0,0,0,,150,150,,25.596663865546212,9568,99.66555183946488,45.237199666666505,61.138600333334736,61.77,0.00029,7.83,13.87,4.2,20261009_130709_s10-lat40-w40
s10-lat40-w60,lat40-w60,10,minimum,none,on,on,40.0,60.0,0.0,1,0.5,4.1,4.192898333,4.5,297,100.0,100.0,0,0,0,,150,150,,25.596663865546212,9568,99.66555183946488,45.237199666666505,61.138600333334736,61.77,0.00029,8.86,16.05,4.6,20261009_130713_s10-lat40-w60
s10-lat40-w80,lat40-w80,10,minimum,none,on,on,40.0,80.0,0.0,1,0.5,4.1,4.192898333,4.5,297,100.0,100.0,0,0,0,,150,150,,25.596663865546212,9568,99.66555183946488,45.237199666666505,61.138600333334736,61.77,0.00029,6.83,12.85,4.2,20261009_130714_s10-lat40-w80
s10-lat5,lat5,10,minimum,none,on,on,5.0,20.0,0.0,1,0.5,4.066667,4.10752,4.5,298,100.0,100.0,0,0,0,,150,150,,25.596663865546212,9568,100.0,8.086600333333305,10.312599999999783,10.55,0.00029,6.44,13.16,4.4,20261009_130655_s10-lat5
s10-lat80,lat80,10,minimum,none,on,on,80.0,20.0,0.0,1,6.0,,,,296,0.0,0.0,0,0,0,,150,150,,nan,9568,40.35326086956522,61.26739966666667,69.84659966666662,73.41,0.01304,5.48,9.34,4.0,20261009_130703_s10-lat80
s10-loss5-min,loss5-min,10,minimum,none,on,on,10.0,20.0,0.05,1,0.5,4.066667,4.114955,4.5,298,20.1,20.1,0,0,0,,150,150,,25.44781481481482,9568,95.02508361204013,13.373600333332902,17.479599999999706,26.48,0.00031,7.37,12.58,4.6,20261009_130636_s10-loss5-min
s10-loss5-red,loss5-red,10,redundant,none,on,on,10.0,20.0,0.05,1,0.5,4.066667,4.108621,4.5,298,2.3,84.2,0,0,0,,150,150,,90.1217326732673,20332,95.01278772378517,13.03219966666802,17.014999999998892,27.86,0.00014,6.19,12.74,5.2,20261009_130651_s10-loss5-red
s10-noctl,noctl,10,minimum,none,on,off,10.0,20.0,0.0,1,6.0,,,,298,100.0,100.0,0,0,0,,150,150,,25.596663865546212,9568,100.0,13.373599999999985,17.481199999999752,17.85,0.00027,9.05,15.51,4.6,20261009_130613_s10-noctl
s10-simple-min,simple-min,10,minimum,fdi-simple,on,on,10.0,20.0,0.0,1,0.5,4.066667,4.114955,4.5,298,100.0,95.0,15,0,15,49,150,150,4.033333,25.596663865546212,9568,100.0,13.373600000001318,17.479599999999706,17.85,0.00025,9.72,16.84,5.2,20261009_130619_s10-simple-min
s10-simple-nobdd,simple-nobdd,10,minimum,fdi-simple,off,on,10.0,20.0,0.0,1,5.5,9.033333,9.081621667,9.5,298,100.0,100.0,149,149,0,,150,1,4.033333,25.596663865546212,9568,100.0,13.373599999999985,17.481199999999752,17.85,0.00029,10.32,16.03,7.6,20261009_130621_s10-simple-nobdd
s10-simple-red,simple-red,10,redundant,fdi-simple,on,on,10.0,20.0,0.0,1,0.5,4.066667,4.108621,4.5,298,100.0,100.0,15,0,15,49,150,150,4.033333,98.09859663865545,20332,100.0,13.031400333333387,17.014999999998892,17.91,0.00011,6.84,12.99,5.4,20261009_130638_s10-simple-red
s10-stealthy-min,stealthy-min,10,minimum,fdi-stealthy,on,on,10.0,20.0,0.0,1,0.5,4.066667,4.114955,4.5,298,100.0,100.0,0,0,0,,150,150,,25.596663865546212,9568,100.0,13.373600000001318,17.479599999999706,17.85,0.00025,8.06,12.96,4.2,20261009_130626_s10-stealthy-min
s10-stealthy-red,stealthy-red,10,redundant,fdi-stealthy,on,on,10.0,20.0,0.0,1,0.5,4.066667,4.108621,4.5,298,100.0,100.0,0,0,0,,150,150,,98.09859663865545,20332,100.0,13.031400333333387,17.014999999998892,17.91,0.00011,6.41,12.01,4.8,20261009_130642_s10-stealthy-red
