kind,t,v49,J,threshold,alarm
truth,0.0,1.025000,,,
truth,0.5,1.025000,,,
truth,1.0,1.025000,,,
truth,1.5,1.025000,,,
truth,2.0,1.025000,,,
truth,2.5,1.025000,,,
truth,3.0,1.025000,,,
truth,3.5,1.025000,,,
truth,4.0,1.120000,,,
truth,4.5,1.015000,,,
truth,5.0,1.015000,,,
truth,5.5,1.015000,,,
truth,6.0,1.015000,,,
truth,6.5,1.015000,,,
truth,7.0,1.015000,,,
truth,7.5,1.015000,,,
truth,8.0,1.015000,,,
truth,8.5,1.015000,,,
truth,9.0,1.015000,,,
truth,9.5,1.015000,,,
truth,10.0,1.015000,,,
set,0.033333,1.02463,18.661,138.134,0
set,0.066667,1.02456,24.591,138.134,0
set,0.100000,1.02506,26.843,138.134,0
set,0.133333,1.02490,26.302,138.134,0
set,0.166667,1.02500,29.955,138.134,0
set,0.200000,1.02531,19.547,138.134,0
set,0.233333,1.02483,25.537,138.134,0
set,0.266667,1.02462,21.380,138.134,0
set,0.300000,1.02546,29.863,138.134,0
set,0.333333,1.02515,29.779,138.134,0
set,0.366667,1.02514,30.599,138.134,0
set,0.400000,1.02485,23.423,138.134,0
set,0.433333,1.02509,23.340,138.134,0
set,0.466667,1.02532,30.406,138.134,0
set,0.500000,1.02522,25.464,138.134,0
set,0.533333,1.02517,29.974,138.134,0
set,0.566667,1.02477,28.180,138.134,0
set,0.600000,1.02499,25.315,138.134,0
set,0.633333,1.02533,28.333,138.134,0
set,0.666667,1.02502,31.640,138.134,0
set,0.700000,1.02526,28.667,138.134,0
set,0.733333,1.02526,20.021,138.134,0
set,0.766667,1.02488,26.050,138.134,0
set,0.800000,1.02499,28.103,138.134,0
set,0.833333,1.02509,22.074,138.134,0
set,0.866667,1.02518,24.533,138.134,0
set,0.900000,1.02574,23.493,138.134,0
set,0.933333,1.02513,23.453,138.134,0
set,0.966667,1.02474,22.783,138.134,0
set,1.000000,1.02498,26.088,138.134,0
set,1.033333,1.02504,29.419,138.134,0
set,1.066667,1.02491,25.212,138.134,0
set,1.100000,1.02508,19.491,138.134,0
set,1.133333,1.02513,27.493,138.134,0
set,1.166667,1.02514,36.679,138.134,0
set,1.200000,1.02514,27.135,138.134,0
set,1.233333,1.02515,25.566,138.134,0
set,1.266667,1.02506,23.458,138.134,0
set,1.300000,1.02506,24.361,138.134,0
set,1.333333,1.02494,27.152,138.134,0
set,1.366667,1.02488,25.332,138.134,0
set,1.400000,1.02541,22.181,138.134,0
set,1.433333,1.02515,24.058,138.134,0
set,1.466667,1.02515,21.781,138.134,0
set,1.500000,1.02456,22.393,138.134,0
set,1.533333,1.02510,21.129,138.134,0
set,1.566667,1.02519,26.152,138.134,0
set,1.600000,1.02504,26.308,138.134,0
set,1.633333,1.02492,29.787,138.134,0
set,1.666667,1.02492,19.874,138.134,0
set,1.700000,1.02514,19.233,138.134,0
set,1.733333,1.02511,27.625,138.134,0
set,1.766667,1.02498,25.707,138.134,0
set,1.800000,1.02494,23.710,138.134,0
set,1.833333,1.02529,21.723,138.134,0
set,1.866667,1.02502,23.419,138.134,0
set,1.900000,1.02524,19.973,138.134,0
set,1.933333,1.02504,29.006,138.134,0
set,1.966667,1.02530,23.698,138.134,0
set,2.000000,1.02480,22.776,138.134,0
set,2.033333,1.02494,24.460,138.134,0
set,2.066667,1.02450,23.513,138.134,0
set,2.100000,1.02527,20.248,138.134,0
set,2.133333,1.02482,27.260,138.134,0
set,2.166667,1.02509,21.750,138.134,0
set,2.200000,1.02517,30.583,138.134,0
set,2.233333,1.02536,26.802,138.134,0
set,2.266667,1.02494,24.267,138.134,0
set,2.300000,1.02504,25.522,138.134,0
set,2.333333,1.02475,27.383,138.134,0
set,2.366667,1.02467,37.172,138.134,0
set,2.400000,1.02544,27.590,138.134,0
set,2.433333,1.02531,26.168,138.134,0
set,2.466667,1.02513,31.706,138.134,0
set,2.500000,1.02495,20.840,138.134,0
set,2.533333,1.02498,27.186,138.134,0
set,2.566667,1.02468,33.211,138.134,0
set,2.600000,1.02543,27.541,138.134,0
set,2.633333,1.02497,27.017,138.134,0
set,2.666667,1.02493,29.224,138.134,0
set,2.700000,1.02551,20.049,138.134,0
set,2.733333,1.02495,25.920,138.134,0
set,2.766667,1.02487,25.462,138.134,0
set,2.800000,1.02528,24.973,138.134,0
set,2.833333,1.02482,26.639,138.134,0
set,2.866667,1.02474,23.609,138.134,0
set,2.900000,1.02468,23.046,138.134,0
set,2.933333,1.02482,29.932,138.134,0
set,2.966667,1.02504,24.577,138.134,0
set,3.000000,1.02513,23.993,138.134,0
set,3.033333,1.02497,25.055,138.134,0
set,3.066667,1.02481,26.288,138.134,0
set,3.100000,1.02490,29.210,138.134,0
set,3.133333,1.02471,25.581,138.134,0
set,3.166667,1.02515,28.371,138.134,0
set,3.200000,1.02509,23.160,138.134,0
set,3.233333,1.02524,27.103,138.134,0
set,3.266667,1.02493,25.748,138.134,0
set,3.300000,1.02554,25.771,138.134,0
set,3.333333,1.02513,25.181,138.134,0
set,3.366667,1.02489,24.270,138.134,0
set,3.400000,1.02514,22.543,138.134,0
set,3.433333,1.02508,26.668,138.134,0
set,3.466667,1.02508,26.651,138.134,0
set,3.500000,1.02503,19.707,138.134,0
set,3.533333,1.02492,25.820,138.134,0
set,3.566667,1.02485,23.715,138.134,0
set,3.600000,1.02496,21.760,138.134,0
set,3.633333,1.02476,20.654,138.134,0
set,3.666667,1.02496,20.399,138.134,0
set,3.700000,1.02519,28.980,138.134,0
set,3.733333,1.02519,23.839,138.134,0
set,3.766667,1.02520,26.053,138.134,0
set,3.800000,1.02477,25.851,138.134,0
set,3.833333,1.02444,25.481,138.134,0
set,3.866667,1.02499,28.195,138.134,0
set,3.900000,1.02524,26.955,138.134,0
set,3.933333,1.02507,26.470,138.134,0
set,3.966667,1.02519,26.481,138.134,0
set,4.000000,1.01990,32.368,138.134,0
set,4.033333,1.01988,28.553,138.134,0
set,4.066667,1.01964,23.852,138.134,0
set,4.100000,1.01968,22.710,138.134,0
set,4.133333,1.01997,30.281,138.134,0
set,4.166667,1.02031,21.517,138.134,0
set,4.200000,1.02002,25.321,138.134,0
set,4.233333,1.01956,31.556,138.134,0
set,4.266667,1.01972,29.846,138.134,0
set,4.300000,1.01995,26.319,138.134,0
set,4.333333,1.02003,25.606,138.134,0
set,4.366667,1.01990,28.290,138.134,0
set,4.400000,1.01976,31.063,138.134,0
set,4.433333,1.02000,31.556,138.134,0
set,4.466667,1.01996,27.550,138.134,0
set,4.500000,1.01966,23.313,138.134,0
set,4.533333,1.02001,25.823,138.134,0
set,4.566667,1.02029,21.733,138.134,0
set,4.600000,1.02006,26.632,138.134,0
set,4.633333,1.01980,27.873,138.134,0
set,4.666667,1.02000,18.874,138.134,0
set,4.700000,1.01998,21.922,138.134,0
set,4.733333,1.01963,22.496,138.134,0
set,4.766667,1.02016,25.462,138.134,0
set,4.800000,1.02008,17.475,138.134,0
set,4.833333,1.02026,24.587,138.134,0
set,4.866667,1.02027,23.275,138.134,0
set,4.900000,1.01990,28.284,138.134,0
set,4.933333,1.02006,28.503,138.134,0
set,4.966667,1.01981,24.988,138.134,0
set,5.000000,1.02011,20.149,138.134,0
set,5.033333,1.02044,21.854,138.134,0
set,5.066667,1.01991,23.215,138.134,0
set,5.100000,1.02002,27.131,138.134,0
set,5.133333,1.02001,30.296,138.134,0
set,5.166667,1.02007,23.379,138.134,0
set,5.200000,1.01997,24.353,138.134,0
set,5.233333,1.01979,25.368,138.134,0
set,5.266667,1.01951,28.365,138.134,0
set,5.300000,1.02005,25.956,138.134,0
set,5.333333,1.02009,20.262,138.134,0
set,5.366667,1.02003,23.540,138.134,0
set,5.400000,1.02016,26.471,138.134,0
set,5.433333,1.01973,18.905,138.134,0
set,5.466667,1.01985,25.487,138.134,0
set,5.500000,1.02020,32.486,138.134,0
set,5.533333,1.02020,26.655,138.134,0
set,5.566667,1.01980,26.945,138.134,0
set,5.600000,1.01943,26.449,138.134,0
set,5.633333,1.01980,27.560,138.134,0
set,5.666667,1.02029,28.151,138.134,0
set,5.700000,1.02030,27.356,138.134,0
set,5.733333,1.02002,26.827,138.134,0
set,5.766667,1.02007,19.646,138.134,0
set,5.800000,1.02016,20.578,138.134,0
set,5.833333,1.02004,21.605,138.134,0
set,5.866667,1.02030,26.558,138.134,0
set,5.900000,1.01999,22.569,138.134,0
set,5.933333,1.01994,26.545,138.134,0
set,5.966667,1.01996,25.385,138.134,0
set,6.000000,1.02013,25.582,138.134,0
set,6.033333,1.02020,25.059,138.134,0
set,6.066667,1.02005,27.418,138.134,0
set,6.100000,1.01997,26.569,138.134,0
set,6.133333,1.01965,26.222,138.134,0
set,6.166667,1.02016,29.988,138.134,0
set,6.200000,1.02010,25.408,138.134,0
set,6.233333,1.02028,20.288,138.134,0
set,6.266667,1.01997,23.906,138.134,0
set,6.300000,1.01976,24.871,138.134,0
set,6.333333,1.01975,22.698,138.134,0
set,6.366667,1.01979,22.516,138.134,0
set,6.400000,1.02009,24.554,138.134,0
set,6.433333,1.01990,32.700,138.134,0
set,6.466667,1.02004,26.698,138.134,0
set,6.500000,1.01994,28.470,138.134,0
set,6.533333,1.02002,26.896,138.134,0
set,6.566667,1.01972,28.034,138.134,0
set,6.600000,1.01994,30.758,138.134,0
set,6.633333,1.02000,16.245,138.134,0
set,6.666667,1.02047,21.702,138.134,0
set,6.700000,1.01992,26.465,138.134,0
set,6.733333,1.02017,32.567,138.134,0
set,6.766667,1.02018,28.421,138.134,0
set,6.800000,1.02006,22.632,138.134,0
set,6.833333,1.01988,21.611,138.134,0
set,6.866667,1.01996,25.309,138.134,0
set,6.900000,1.02025,22.385,138.134,0
set,6.933333,1.01983,30.845,138.134,0
set,6.966667,1.02017,29.373,138.134,0
set,7.000000,1.01994,29.517,138.134,0
set,7.033333,1.01974,30.905,138.134,0
set,7.066667,1.01976,20.524,138.134,0
set,7.100000,1.02021,33.505,138.134,0
set,7.133333,1.01983,21.706,138.134,0
set,7.166667,1.02009,22.715,138.134,0
set,7.200000,1.02002,26.197,138.134,0
set,7.233333,1.02015,25.192,138.134,0
set,7.266667,1.01962,24.247,138.134,0
set,7.300000,1.01978,28.673,138.134,0
set,7.333333,1.01955,26.888,138.134,0
set,7.366667,1.01980,26.239,138.134,0
set,7.400000,1.02014,25.199,138.134,0
set,7.433333,1.02019,24.308,138.134,0
set,7.466667,1.01995,27.283,138.134,0
set,7.500000,1.01989,24.307,138.134,0
set,7.533333,1.01970,20.876,138.134,0
set,7.566667,1.01984,23.994,138.134,0
set,7.600000,1.01986,21.092,138.134,0
set,7.633333,1.01981,20.126,138.134,0
set,7.666667,1.02017,19.092,138.134,0
set,7.700000,1.01999,25.756,138.134,0
set,7.733333,1.01994,27.048,138.134,0
set,7.766667,1.01978,27.146,138.134,0
set,7.800000,1.02000,24.205,138.134,0
set,7.833333,1.02025,28.757,138.134,0
set,7.866667,1.01996,18.250,138.134,0
set,7.900000,1.01981,23.635,138.134,0
set,7.933333,1.02015,30.102,138.134,0
set,7.966667,1.01983,19.554,138.134,0
set,8.000000,1.02001,24.413,138.134,0
set,8.033333,1.02016,21.905,138.134,0
set,8.066667,1.01999,30.760,138.134,0
set,8.100000,1.01969,21.762,138.134,0
set,8.133333,1.01984,28.046,138.134,0
set,8.166667,1.02034,24.726,138.134,0
set,8.200000,1.02010,25.858,138.134,0
set,8.233333,1.02037,23.450,138.134,0
set,8.266667,1.02000,22.009,138.134,0
set,8.300000,1.01971,25.149,138.134,0
set,8.333333,1.01993,20.627,138.134,0
set,8.366667,1.02000,27.211,138.134,0
set,8.400000,1.02026,22.942,138.134,0
set,8.433333,1.01994,35.519,138.134,0
set,8.466667,1.01994,21.006,138.134,0
set,8.500000,1.01988,21.885,138.134,0
set,8.533333,1.01999,26.458,138.134,0
set,8.566667,1.01974,22.718,138.134,0
set,8.600000,1.02025,24.422,138.134,0
set,8.633333,1.02004,17.706,138.134,0
set,8.666667,1.02006,24.471,138.134,0
set,8.700000,1.01990,18.661,138.134,0
set,8.733333,1.01963,25.344,138.134,0
set,8.766667,1.01997,19.375,138.134,0
set,8.800000,1.01978,23.028,138.134,0
set,8.833333,1.01998,24.920,138.134,0
set,8.866667,1.01972,24.578,138.134,0
set,8.900000,1.02007,29.603,138.134,0
set,8.933333,1.02016,25.154,138.134,0
set,8.966667,1.01977,31.319,138.134,0
set,9.000000,1.01469,22.355,138.134,0
set,9.033333,1.01509,27.350,138.134,0
set,9.066667,1.01504,22.930,138.134,0
set,9.100000,1.01507,27.455,138.134,0
set,9.133333,1.01478,28.990,138.134,0
set,9.166667,1.01528,24.526,138.134,0
set,9.200000,1.01461,23.458,138.134,0
set,9.233333,1.01482,26.351,138.134,0
set,9.266667,1.01472,28.344,138.134,0
set,9.300000,1.01501,32.648,138.134,0
set,9.333333,1.01536,25.028,138.134,0
set,9.366667,1.01501,21.880,138.134,0
set,9.400000,1.01501,27.951,138.134,0
set,9.433333,1.01507,25.285,138.134,0
set,9.466667,1.01490,26.844,138.134,0
set,9.500000,1.01469,24.249,138.134,0
set,9.533333,1.01483,22.892,138.134,0
set,9.566667,1.01525,27.271,138.134,0
set,9.600000,1.01506,29.617,138.134,0
set,9.633333,1.01469,26.338,138.134,0
set,9.666667,1.01511,25.617,138.134,0
set,9.700000,1.01508,28.282,138.134,0
set,9.733333,1.01513,26.463,138.134,0
set,9.766667,1.01501,24.998,138.134,0
set,9.800000,1.01532,22.695,138.134,0
set,9.833333,1.01509,27.507,138.134,0
set,9.866667,1.01492,28.321,138.134,0
set,9.900000,1.01509,23.011,138.134,0
set,9.933333,1.01490,23.168,138.134,0
