t,v76,v118,f_coi_hz,f_min_hz
0.0,0.943000,0.949438,60.00000,60.00000
0.033333333,0.943000,0.949438,60.00000,60.00000
0.066666667,0.943000,0.949438,60.00000,60.00000
0.1,0.943000,0.949438,60.00000,60.00000
0.133333333,0.943000,0.949438,60.00000,60.00000
0.166666667,0.943000,0.949438,60.00000,60.00000
0.2,0.943000,0.949438,60.00000,60.00000
0.233333333,0.943000,0.949438,60.00000,60.00000
0.266666667,0.943000,0.949438,60.00000,60.00000
0.3,0.943000,0.949438,60.00000,60.00000
0.333333333,0.943000,0.949438,60.00000,60.00000
0.366666667,0.943000,0.949438,60.00000,60.00000
0.4,0.943000,0.949438,60.00000,60.00000
0.433333333,0.943000,0.949438,60.00000,60.00000
0.466666667,0.943000,0.949438,60.00000,60.00000
0.5,0.943000,0.949438,60.00000,60.00000
0.533333333,0.943000,0.949438,60.00000,60.00000
0.566666667,0.943000,0.949438,60.00000,60.00000
0.6,0.943000,0.949438,60.00000,60.00000
0.633333333,0.943000,0.949438,60.00000,60.00000
0.666666667,0.943000,0.949438,60.00000,60.00000
0.7,0.943000,0.949438,60.00000,60.00000
0.733333333,0.943000,0.949438,60.00000,60.00000
0.766666667,0.943000,0.949438,60.00000,60.00000
0.8,0.943000,0.949438,60.00000,60.00000
0.833333333,0.943000,0.949438,60.00000,60.00000
0.866666667,0.943000,0.949438,60.00000,60.00000
0.9,0.943000,0.949438,60.00000,60.00000
0.933333333,0.943000,0.949438,60.00000,60.00000
0.966666667,0.943000,0.949438,60.00000,60.00000
1.0,0.943000,0.949438,60.00000,60.00000
1.033333333,0.943000,0.949438,60.00000,60.00000
1.066666667,0.943000,0.949438,60.00000,60.00000
1.1,0.943000,0.949438,60.00000,60.00000
1.133333333,0.943000,0.949438,60.00000,60.00000
1.166666667,0.943000,0.949438,60.00000,60.00000
1.2,0.943000,0.949438,60.00000,60.00000
1.233333333,0.943000,0.949438,60.00000,60.00000
1.266666667,0.943000,0.949438,60.00000,60.00000
1.3,0.943000,0.949438,60.00000,60.00000
1.333333333,0.943000,0.949438,60.00000,60.00000
1.366666667,0.943000,0.949438,60.00000,60.00000
1.4,0.943000,0.949438,60.00000,60.00000
1.433333333,0.943000,0.949438,60.00000,60.00000
1.466666667,0.943000,0.949438,60.00000,60.00000
1.5,0.943000,0.949438,60.00000,60.00000
1.533333333,0.943000,0.949438,60.00000,60.00000
1.566666667,0.943000,0.949438,60.00000,60.00000
1.6,0.943000,0.949438,60.00000,60.00000
1.633333333,0.943000,0.949438,60.00000,60.00000
1.666666667,0.943000,0.949438,60.00000,60.00000
1.7,0.943000,0.949438,60.00000,60.00000
1.733333333,0.943000,0.949438,60.00000,60.00000
1.766666667,0.943000,0.949438,60.00000,60.00000
1.8,0.943000,0.949438,60.00000,60.00000
1.833333333,0.943000,0.949438,60.00000,60.00000
1.866666667,0.943000,0.949438,60.00000,60.00000
1.9,0.943000,0.949438,60.00000,60.00000
1.933333333,0.943000,0.949438,60.00000,60.00000
1.966666667,0.943000,0.949438,60.00000,60.00000
2.0,0.943000,0.949438,60.00000,60.00000
2.033333333,0.943000,0.949438,60.00000,60.00000
2.066666667,0.943000,0.949438,60.00000,60.00000
2.1,0.943000,0.949438,60.00000,60.00000
2.133333333,0.943000,0.949438,60.00000,60.00000
2.166666667,0.943000,0.949438,60.00000,60.00000
2.2,0.943000,0.949438,60.00000,60.00000
2.233333333,0.943000,0.949438,60.00000,60.00000
2.266666667,0.943000,0.949438,60.00000,60.00000
2.3,0.943000,0.949438,60.00000,60.00000
2.333333333,0.943000,0.949438,60.00000,60.00000
2.366666667,0.943000,0.949438,60.00000,60.00000
2.4,0.943000,0.949438,60.00000,60.00000
2.433333333,0.943000,0.949438,60.00000,60.00000
2.466666667,0.943000,0.949438,60.00000,60.00000
2.5,0.943000,0.949438,60.00000,60.00000
2.533333333,0.943000,0.949438,60.00000,60.00000
2.566666667,0.943000,0.949438,60.00000,60.00000
2.6,0.943000,0.949438,60.00000,60.00000
2.633333333,0.943000,0.949438,60.00000,60.00000
2.666666667,0.943000,0.949438,60.00000,60.00000
2.7,0.943000,0.949438,60.00000,60.00000
2.733333333,0.943000,0.949438,60.00000,60.00000
2.766666667,0.943000,0.949438,60.00000,60.00000
2.8,0.943000,0.949438,60.00000,60.00000
2.833333333,0.943000,0.949438,60.00000,60.00000
2.866666667,0.943000,0.949438,60.00000,60.00000
2.9,0.943000,0.949438,60.00000,60.00000
2.933333333,0.943000,0.949438,60.00000,60.00000
2.966666667,0.943000,0.949438,60.00000,60.00000
3.0,0.943000,0.949438,60.00000,60.00000
3.033333333,0.943000,0.949438,60.00000,60.00000
3.066666667,0.943000,0.949438,60.00000,60.00000
3.1,0.943000,0.949438,60.00000,60.00000
3.133333333,0.943000,0.949438,60.00000,60.00000
3.166666667,0.943000,0.949438,60.00000,60.00000
3.2,0.943000,0.949438,60.00000,60.00000
3.233333333,0.943000,0.949438,60.00000,60.00000
3.266666667,0.943000,0.949438,60.00000,60.00000
3.3,0.943000,0.949438,60.00000,60.00000
3.333333333,0.943000,0.949438,60.00000,60.00000
3.366666667,0.943000,0.949438,60.00000,60.00000
3.4,0.943000,0.949438,60.00000,60.00000
3.433333333,0.943000,0.949438,60.00000,60.00000
3.466666667,0.943000,0.949438,60.00000,60.00000
3.5,0.943000,0.949438,60.00000,60.00000
3.533333333,0.943000,0.949438,60.00000,60.00000
3.566666667,0.943000,0.949438,60.00000,60.00000
3.6,0.943000,0.949438,60.00000,60.00000
3.633333333,0.943000,0.949438,60.00000,60.00000
3.666666667,0.943000,0.949438,60.00000,60.00000
3.7,0.943000,0.949438,60.00000,60.00000
3.733333333,0.943000,0.949438,60.00000,60.00000
3.766666667,0.943000,0.949438,60.00000,60.00000
3.8,0.943000,0.949438,60.00000,60.00000
3.833333333,0.943000,0.949438,60.00000,60.00000
3.866666667,0.943000,0.949438,60.00000,60.00000
3.9,0.943000,0.949438,60.00000,60.00000
3.933333333,0.943000,0.949438,60.00000,60.00000
3.966666667,0.943000,0.949438,60.00000,60.00000
4.0,0.943000,0.949438,60.00000,60.00000
4.033333333,0.906940,0.926375,60.00006,59.96385
4.066666667,0.904464,0.924474,60.00013,59.94370
4.1,0.902873,0.923237,60.00020,59.93281
4.133333333,0.901813,0.922401,60.00028,59.92789
4.166666667,0.901111,0.921833,60.00035,59.92717
4.2,0.900694,0.921474,60.00042,59.92958
4.233333333,0.900530,0.921296,60.00048,59.93437
4.266666667,0.900574,0.921265,60.00053,59.94099
4.3,0.900791,0.921359,60.00058,59.94896
4.333333333,0.901154,0.921557,60.00062,59.95785
4.366666667,0.901638,0.921844,60.00066,59.96727
4.4,0.902221,0.922205,60.00069,59.97685
4.433333333,0.902884,0.922627,60.00071,59.98627
4.466666667,0.903610,0.923099,60.00074,59.99524
4.5,0.904386,0.923611,60.00076,59.99636
4.533333333,0.905197,0.924154,60.00078,59.99697
4.566666667,0.906034,0.924720,60.00080,59.99730
4.6,0.906887,0.925301,60.00082,59.99735
4.633333333,0.907748,0.925892,60.00084,59.99747
4.666666667,0.908609,0.926485,60.00085,59.99764
4.7,0.909462,0.927076,60.00087,59.99773
4.733333333,0.910303,0.927658,60.00088,59.99788
4.766666667,0.911124,0.928226,60.00088,59.99808
4.8,0.911921,0.928777,60.00089,59.99788
4.833333333,0.912689,0.929306,60.00088,59.99711
4.866666667,0.913424,0.929810,60.00088,59.99624
4.9,0.914122,0.930287,60.00086,59.99558
4.933333333,0.914784,0.930735,60.00084,59.99516
4.966666667,0.915407,0.931154,60.00081,59.99496
5.0,0.915993,0.931545,60.00077,59.99498
5.033333333,0.916544,0.931907,60.00073,59.99518
5.066666667,0.917063,0.932245,60.00068,59.99504
5.1,0.917553,0.932560,60.00062,59.99369
5.133333333,0.918020,0.932856,60.00056,59.99103
5.166666667,0.918467,0.933137,60.00049,59.98891
5.2,0.918919,0.933417,60.00042,59.98735
5.233333333,0.919400,0.933713,60.00034,59.98634
5.266666667,0.919905,0.934022,60.00026,59.98587
5.3,0.920432,0.934344,60.00018,59.98589
5.333333333,0.920977,0.934677,60.00009,59.98635
5.366666667,0.921537,0.935019,60.00000,59.98720
5.4,0.922111,0.935370,59.99990,59.98836
5.433333333,0.922696,0.935729,59.99980,59.98975
5.466666667,0.923291,0.936094,59.99970,59.99131
5.5,0.923895,0.936466,59.99959,59.99296
5.533333333,0.924505,0.936843,59.99948,59.99463
5.566666667,0.925119,0.937224,59.99938,59.99597
5.6,0.925735,0.937607,59.99927,59.99613
5.633333333,0.926352,0.937990,59.99916,59.99636
5.666666667,0.926967,0.938373,59.99905,59.99662
5.7,0.927577,0.938754,59.99894,59.99691
5.733333333,0.928181,0.939130,59.99883,59.99719
5.766666667,0.928776,0.939500,59.99872,59.99672
5.8,0.929360,0.939863,59.99861,59.99627
5.833333333,0.929932,0.940217,59.99850,59.99588
5.866666667,0.930489,0.940560,59.99840,59.99552
5.9,0.931031,0.940892,59.99829,59.99507
5.933333333,0.931556,0.941213,59.99819,59.99469
5.966666667,0.932065,0.941521,59.99808,59.99439
6.0,0.932557,0.941817,59.99798,59.99417
6.033333333,0.933032,0.942101,59.99788,59.99398
6.066666667,0.933491,0.942373,59.99778,59.99376
6.1,0.933935,0.942635,59.99767,59.99361
6.133333333,0.934365,0.942887,59.99757,59.99355
6.166666667,0.934783,0.943130,59.99747,59.99357
6.2,0.935207,0.943377,59.99737,59.99366
6.233333333,0.935660,0.943641,59.99728,59.99382
6.266666667,0.936134,0.943919,59.99718,59.99402
6.3,0.936624,0.944207,59.99708,59.99375
6.333333333,0.937124,0.944501,59.99698,59.99358
6.366666667,0.937631,0.944801,59.99689,59.99351
6.4,0.938141,0.945103,59.99679,59.99351
6.433333333,0.938652,0.945406,59.99669,59.99357
6.466666667,0.939163,0.945710,59.99660,59.99369
6.5,0.939672,0.946013,59.99650,59.99383
6.533333333,0.940177,0.946314,59.99641,59.99400
6.566666667,0.940678,0.946614,59.99631,59.99417
6.6,0.941174,0.946910,59.99621,59.99433
6.633333333,0.941663,0.947202,59.99612,59.99447
6.666666667,0.942146,0.947491,59.99602,59.99452
6.7,0.942621,0.947776,59.99592,59.99423
6.733333333,0.943088,0.948055,59.99582,59.99398
6.766666667,0.943548,0.948330,59.99572,59.99376
6.8,0.943998,0.948600,59.99562,59.99358
6.833333333,0.944440,0.948863,59.99552,59.99345
6.866666667,0.944872,0.949122,59.99542,59.99335
6.9,0.945296,0.949374,59.99532,59.99319
6.933333333,0.945710,0.949621,59.99522,59.99303
6.966666667,0.946115,0.949861,59.99512,59.99291
7.0,0.946510,0.950095,59.99501,59.99283
7.033333333,0.946896,0.950323,59.99491,59.99279
7.066666667,0.947273,0.950544,59.99481,59.99278
7.1,0.947640,0.950758,59.99470,59.99281
7.133333333,0.947998,0.950966,59.99460,59.99284
7.166666667,0.948347,0.951167,59.99450,59.99288
7.2,0.948686,0.951362,59.99440,59.99295
7.233333333,0.949016,0.951550,59.99430,59.99303
7.266666667,0.949337,0.951731,59.99420,59.99314
7.3,0.949649,0.951905,59.99410,59.99315
7.333333333,0.949952,0.952074,59.99401,59.99306
7.366666667,0.950247,0.952236,59.99391,59.99285
7.4,0.950534,0.952393,59.99382,59.99265
7.433333333,0.950813,0.952544,59.99373,59.99246
7.466666667,0.951084,0.952690,59.99364,59.99226
7.5,0.951349,0.952831,59.99356,59.99205
7.533333333,0.951606,0.952967,59.99347,59.99187
7.566666667,0.951858,0.953100,59.99339,59.99172
7.6,0.952103,0.953229,59.99331,59.99160
7.633333333,0.952343,0.953354,59.99324,59.99151
7.666666667,0.952577,0.953476,59.99317,59.99145
7.7,0.952806,0.953596,59.99310,59.99142
7.733333333,0.953029,0.953712,59.99303,59.99141
7.766666667,0.953248,0.953825,59.99297,59.99142
7.8,0.953463,0.953937,59.99291,59.99145
7.833333333,0.953672,0.954045,59.99285,59.99147
7.866666667,0.953877,0.954152,59.99279,59.99148
7.9,0.954078,0.954256,59.99274,59.99152
7.933333333,0.954275,0.954359,59.99269,59.99156
7.966666667,0.954467,0.954459,59.99264,59.99163
8.0,0.954656,0.954557,59.99259,59.99170
8.033333333,0.954840,0.954654,59.99254,59.99179
8.066666667,0.955021,0.954749,59.99249,59.99188
8.1,0.955198,0.954842,59.99245,59.99193
8.133333333,0.955371,0.954933,59.99241,59.99189
8.166666667,0.955541,0.955023,59.99236,59.99168
8.2,0.955708,0.955112,59.99232,59.99148
8.233333333,0.955870,0.955198,59.99228,59.99131
8.266666667,0.956030,0.955283,59.99224,59.99116
8.3,0.956186,0.955367,59.99221,59.99104
8.333333333,0.956339,0.955448,59.99217,59.99094
8.366666667,0.956488,0.955528,59.99213,59.99087
8.4,0.956633,0.955605,59.99210,59.99076
8.433333333,0.956775,0.955680,59.99206,59.99067
8.466666667,0.956913,0.955754,59.99203,59.99061
8.5,0.957048,0.955825,59.99199,59.99058
8.533333333,0.957178,0.955893,59.99196,59.99057
8.566666667,0.957305,0.955959,59.99193,59.99058
8.6,0.957428,0.956023,59.99190,59.99062
8.633333333,0.957547,0.956084,59.99187,59.99067
8.666666667,0.957663,0.956143,59.99184,59.99070
8.7,0.957775,0.956199,59.99181,59.99073
8.733333333,0.957883,0.956253,59.99178,59.99077
8.766666667,0.957988,0.956305,59.99176,59.99083
8.8,0.958089,0.956354,59.99173,59.99090
8.833333333,0.958187,0.956401,59.99171,59.99099
8.866666667,0.958282,0.956446,59.99168,59.99108
8.9,0.958373,0.956489,59.99166,59.99117
8.933333333,0.958462,0.956530,59.99164,59.99128
8.966666667,0.958548,0.956570,59.99162,59.99134
9.0,0.958632,0.956607,59.99160,59.99126
9.033333333,0.958712,0.956643,59.99159,59.99117
9.066666667,0.958791,0.956678,59.99157,59.99109
9.1,0.958866,0.956711,59.99156,59.99100
9.133333333,0.958940,0.956743,59.99154,59.99093
9.166666667,0.959011,0.956773,59.99153,59.99086
9.2,0.959081,0.956803,59.99152,59.99079
9.233333333,0.959148,0.956831,59.99151,59.99073
9.266666667,0.959213,0.956858,59.99151,59.99068
9.3,0.959276,0.956884,59.99150,59.99065
9.333333333,0.959338,0.956909,59.99149,59.99063
9.366666667,0.959398,0.956934,59.99149,59.99063
9.4,0.959456,0.956957,59.99149,59.99065
9.433333333,0.959513,0.956980,59.99149,59.99067
9.466666667,0.959568,0.957003,59.99148,59.99072
9.5,0.959622,0.957025,59.99148,59.99077
9.533333333,0.959675,0.957046,59.99149,59.99084
9.566666667,0.959726,0.957068,59.99149,59.99089
9.6,0.959776,0.957088,59.99149,59.99095
9.633333333,0.959825,0.957109,59.99150,59.99102
9.666666667,0.959873,0.957129,59.99150,59.99110
9.7,0.959920,0.957149,59.99151,59.99117
9.733333333,0.959966,0.957169,59.99151,59.99126
9.766666667,0.960011,0.957188,59.99152,59.99130
9.8,0.960055,0.957207,59.99153,59.99128
9.833333333,0.960098,0.957226,59.99153,59.99127
9.866666667,0.960141,0.957245,59.99154,59.99122
9.9,0.960182,0.957263,59.99155,59.99117
9.933333333,0.960222,0.957281,59.99156,59.99114
9.966666667,0.960261,0.957298,59.99157,59.99110
10.0,0.960299,0.957316,59.99158,59.99106
